number,index,id,key,aCards,aModels,nAbilityId,sAliasName,eName,sName,sSounder_cn,sSounder_jp,sPainter,sSex,sAge,sBirthDay,sBirthPlace,sBloodType,sHeight,sStature,sWeight,click,daze,sBelonging,sTeam,sHoppy,sInterest,sHate,sEstimate,sMorale,sMoraleAbi,sHarmony,sHarmonyAbi,sPhysical,sPhysicalAbi,sTechnique,sTechniqueAbi,aTiredMod,bAddToBuild,bHadLv,bShowInAltas,hair,face,body
1,1001,10010,10010,10010,1001001,1001,アルプス,Alps,ベレット・ペティット,綠綺,井上桃花,???,2,20,1/14,3,AB,168cm,70/62/88,85kg,1,1,2,1,"クラシック音楽,帆船模型","画画,打游戏",昆虫,"該当個体は戦闘能力が非常に優れており,防御力も極めて高く,攻撃手段も豊富.戦術面では,冷静かつ迅速に戦場の状況を判断し,詳細かつ綿密な作戦を立てることができる.ただし,育ちの背景や性格上の要因により,柔軟な思考が欠けており,一部の場面(友好的な交渉や危機介入など)に対応できないことがある.","戦闘行動によるストレスに極めて高い耐性があり,任務を完遂できる.",優,"優れた指揮能力を持つ.戦場の状況に応じて合理的な配置ができ,作戦行動の中核として起用することに適している.",優,"総合体力テスト中,優秀な成績を収めた.",優,"各種戦闘装備に精通し,完璧に環境要因を利用して戦闘シミュレーションを完遂できる.",優,180;1,True,True,True,Dorm_10010_Hair,Dorm_10010_Face,Dorm_Girl_m1_white_Body
2,1002,10020,10020,10020,1002002,2001,コンロン,Kunlun,リョウ・チン,杏林兒,長妻樹里,???,2,17才,10/7,11,A,160cm,70/62/88,85kg,2,1,3,1,拳法,"画画,打游戏",???,"該当個体は各種能力に優れており,軽機動防御型の陸戦装備を装備している.極めて高い防御力を持ち,一定の攻撃力と機動性も兼ね備えている.チーム行動に対する受容性が高く,多様なチームに適応でき,能力面でも性格面でも多くの隊員と打ち解けることができる.","戦闘行動によるストレスに一定の耐性があり,命令を完遂できる.",良,遂行能力が高い.味方と協力して効率的に戦闘任務を完遂できる.,良,"総合体力テスト中,優秀な成績を収めた.",優,"制式装備を使用し,戦闘シミュレーションを完遂できる.",良,180;1,True,True,True,,Dorm_10020_Face,Dorm_Girl_b1_white_Body
3,1003,10030,10030,10030,1003001,14002,ウルフラマイト,Wolframite,エミリア・クルト,馮曉萌,くらもちかずは,???,2,17才,6/30,5,O,165cm,70/62/88,85kg,3,3,6,1,地質調査,"画画,打游戏",???,"該当個体は各種能力がバランスが取れており,一定の戦術分析能力も持っているが,単独行動の傾向が強いため,前線指揮を任せることは推奨できない.また,戦闘中に興味を引かれる事物に注意を奪われることが多く","極めて過酷な作戦条件下で,リスクの低い案で作戦を完遂を目指す行動が確認されている.",中,"優れた協調戦闘能力を持つが,単独行動を好む.",良,"総合体力テスト中,優秀な成績を収めた.",優,"制式装備を使用し,戦闘シミュレーションを完遂できる.",良,180;1,True,True,True,Dorm_10030_Hair,Dorm_10030_Face,Dorm_Girl_m1_white_Body
4,1004,10040,10040,10040,1004001,26002,アンデス,Andes,ヘレン・P・オルソップ,???,,???,2,17才,5/6,13,A,158cm,70/62/88,85kg,1,4,1,1,秘密,"画画,打游戏",???,"該当個体は防御能力に優れており,陣形を安定させ,同チームのメンバーを護ることができる.性格が慎重であり,戦闘中にハイリスクな行動を取ることは少なく,堅実な戦い方を得意とする.既存の情報やデータに依存する傾向があるため,変数が多い作戦状況は該当個体にとってはストレスの高い挑戦なる.","戦闘行動によるストレスに一定の耐性があり,命令を完遂できる.",良,遂行能力が高い.味方と協力して効率的に戦闘任務を完遂できる.,良,"総合体力テスト中,個別の指標で問題あり.作戦行動に外骨格の使用が推奨されている.",中,"制式装備を使用し,戦闘シミュレーションを完遂できる.",良,180;1,True,True,True,Dorm_10040_Hair,Dorm_10040_Face,Dorm_Girl_s1_white_Body
5,1005,10050,10050,10050,1005001,1001,アトラス,Atlas,マリュー・ブロンスマイヤ,???,???,???,2,17才,2/5,1,AB,158cm,70/62/88,85kg,2,5,1,1,???,"画画,打游戏",???,???,???,優,???,優,???,優,???,優,180;1,False,False,False,Dorm_10050_Hair,Dorm_10050_Face,Dorm_Girl_m1_white_Body
6,1006,10060,10060,10060,1006001,1001,コーカサス,Caucasus,ヤンナ・メニクワ,???,河村梨恵,???,2,17才,3/26,1,O,177cm,70/62/88,85kg,3,6,1,1,狩猟,"画画,打游戏",???,"該当個体は相当な指揮能力も持っているが,戦闘スタイルが大雑把であるため,精密な操作が必要な場面ではパフォーマンスが低下する.長期戦では指揮から離れて独自に行動する傾向があり,注意と制御が必要である.シミュレーション訓練では非常に厳しい戦闘環境に対応できる.予測不可能な行動を防ぐには,該当個体のアルコールの摂取を避け,人格魅力のある人物をチームの指揮官に配置するが有効的である.","戦闘行動によるストレスに極めて高い耐性があり,命令を完遂できる.",優,"優れた指揮能力を持つが,飲酒には注意してください.",良,"総合体力テスト中,各指標がすべて優秀な成績を収めた.",優,"一般的な命令を完遂できるが,戦闘装備の損壊率が極めて高い.",中,180;1,False,True,False,Dorm_10060_Hair,Dorm_10060_Face,Dorm_Girl_m1_white_Body
7,1007,10070,10070,10070,1007001,1001,ルイゼ,,張輔陵(ちょうほりょう),???,???,???,2,17才,2/5,1,AB,158cm,70/62/88,85kg,1,1,1,1,???,"画画,打游戏",???,???,???,優,???,優,???,優,???,優,180;1,False,True,False,Dorm_10070_Hair,Dorm_10070_Face,Dorm_Girl_m1_white_Body
8,1008,10080,10080,10080,1008001,1001,チョゴリザ,Qogir,サラ・チェン,???,???,???,2,17才,2/5,1,AB,158cm,70/62/88,85kg,2,1,1,1,???,"画画,打游戏",???,???,???,優,???,優,???,優,???,優,180;1,True,False,False,Dorm_10080_Hair,Dorm_10080_Face,Dorm_Girl_m1_white_Body
9,1009,10090,10090,10090,1009001,2001,グランドティトン,Grand Teton,ティトン・ミラー,???,???,???,2,17才,2/5,1,AB,158cm,70/62/88,85kg,3,3,1,1,???,"画画,打游戏",???,???,???,優,???,優,???,優,???,優,180;1,True,True,False,Dorm_10090_Hair,Dorm_10090_Face,Dorm_Girl_m1_white_Body
10,1010,10100,10100,10100,1010001,2001,レーニア,Rainier,エミー・ワシントン,???,???,???,2,17才,2/5,1,AB,158cm,70/62/88,85kg,1,4,1,1,???,"画画,打游戏",???,???,???,優,???,優,???,優,???,優,180;1,False,True,False,Dorm_10100_Hair,Dorm_10100_Face,Dorm_Girl_m1_white_Body
11,1011,10110,10110,10110,1011001,26003,グラナイト,Granite,アデル・レーデ,???,和久野愛佳,???,2,17才,11/27,5,O,155cm,70/62/88,85kg,2,5,1,1,盆栽植物,"画画,打游戏",???,"該当個体は支援や防御に長けており,複合型防御シールドと高トルク機動制御装置を装備している.この複合型シールドは見た目ほど重くなく,防御性能に優れたNOVA-カーボン軽量素材を使用しており,重量を軽減している.高トルク機動制御装置と組み合わせることで,長距離支援作戦を実現し,陣地防御に支援が必要なエリアに迅速なサポートを提供することができる.","戦闘行動によるストレスに一定の耐性があり,命令を完遂できる.",良,遂行能力が高い.味方と協力して効率的に戦闘任務を完遂できる.,良,"総合体力テスト中,優秀な成績を収めた.",優,"制式装備を使用し,戦闘シミュレーションを完遂できる.",良,180;1,True,True,True,Dorm_10110_Hair,Dorm_10110_Face,Dorm_Girl_m1_white_Body
12,1012,10120,10120,10120,1012001,15002,ジェイダイト,Jadeite,ドン・ハイ,???,,???,2,17才,7/5,11,B,163cm,70/62/88,85kg,3,6,6,1,計画書,"画画,打游戏",???,"該当個体は戦略面の評価において,指揮官や隊長として非常に適しており,その資質は家庭環境や自身の才能に由来している可能性がある.作戦人員の分析と配置が明確であり,戦場における要所を的確に見極め,最適な配置を行うことができる.本部の評価によれば,彼女の能力は多岐にわたる調整が必要な任務で最大限に発揮されるとされている.","戦闘行動によるストレスに一定の耐性があり,任務を完遂できる.",良,"優れた指揮能力を持つ.戦場の状況に応じて合理的な配置ができ,作戦行動の中核として起用することに適している.",優,総合体力テスト不合格.作戦行動に外骨格を使用する必要あり.,劣,"戦闘装備を適切に使用し,命令を完遂できる.",良,180;1,True,True,True,Dorm_10120_Hair,Dorm_10120_Face,Dorm_Girl_m1_white_Body
13,1013,10130,10130,10130,1013001,2001,バイカル,Baikal,アンナ・メニクワ,???,宮崎珠子,???,2,17才,1/19,1,AB,176cm,70/62/88,85kg,1,1,1,1,モノマネ,"画画,打游戏",???,"該当個体の戦闘スタイルは堅実であり,優れた指揮能力を持つ一方で,作戦計画の採用において慎重すぎるため,リスクが最小限になる方法を選ぶ傾向が強く見受けられる.シミュレーション訓練では,戦闘環境に応じた合理的な分析と配置が可能である.極めて厳しい戦闘条件下では,力で押し切るよりも計略を駆使して勝利を収める傾向がある.","困難な状況に対し,リスクの低い予備案を優先することが確認されている.",中,優れた指揮能力を持つ.戦場の状況に応じて合理的な配置ができる.,優,"総合体力テスト中,各指標がすべて合格ラインに達している.",良,"各種装備を使用し,環境要因を利用して戦闘シミュレーションを完遂できる.",優,180;1,False,True,False,Dorm_10130_Hair,Dorm_10130_Face,Dorm_Girl_m1_white_Body
14,1014,10140,10140,10140,1014001,2001,マイカ,Mica,ブリトニー・カーター,???,???,???,2,17才,2/5,1,AB,158cm,70/62/88,85kg,2,1,1,1,???,"画画,打游戏",???,???,???,優,???,優,???,優,???,優,180;1,False,True,False,Dorm_10140_Hair,Dorm_10140_Face,Dorm_Girl_m1_white_Body
15,1015,10150,10150,10150,1015001,2001,アンフィボール,,西住美穗,???,???,???,2,17才,2/5,1,AB,158cm,70/62/88,85kg,3,3,1,1,???,"画画,打游戏",???,???,???,優,???,優,???,優,???,優,180;1,False,True,False,Dorm_10150_Hair,Dorm_10150_Face,Dorm_Girl_m1_white_Body
16,1016,10160,10160,10160,1016001,2001,アイガー,Eiger,ミシェル・ペティット,???,???,???,2,17才,2/5,1,AB,158cm,70/62/88,85kg,1,4,1,1,???,"画画,打游戏",???,???,???,優,???,優,???,優,???,優,180;1,False,True,False,Dorm_10160_Hair,Dorm_10160_Face,Dorm_Girl_m1_white_Body
17,1017,10170,10170,10170,1017001,2001,オブシディアン,Obsidian,ロクサーヌ・B・デフォー,???,???,???,2,17才,2/5,1,AB,158cm,70/62/88,85kg,2,5,1,1,???,"画画,打游戏",???,???,???,優,???,優,???,優,???,優,180;1,False,True,False,Dorm_10170_Hair,Dorm_10170_Face,Dorm_Girl_m1_white_Body
18,1018,10180,10180,10180,1018001,26005,カンティセ,Kailas,カンティセ,無し,無し,???,3,17才,8/5,18,無,185cm,70/62/88,85kg,3,6,6,1,ゲーム,"画画,打游戏",???,"該当機体は重装シールド装備を搭載でき,エネルギー衝撃を吸収・変換する機能を持っているため,非常に高い持久力を有している.機動性は一般的だが,陣地防衛戦において優れたパフォーマンスを発揮する.砕星の研究者からのフィードバックによれば,該当機体に搭載された自律システムは自我思考能力を有している.現在の戦闘記録に基づくと,該当機体の性格傾向は落ち着いており,自主的に仲間を援護できるため,信頼に値する.",自律システムが指令を拒否した記録:無し,優,"自律システムが安定かつ高性能,必要に応じて自主的に戦闘に協力できる.",良,"戦闘データ分析により,該当機体の継戦能力は極めて高い.",優,重装シールドを装備できる.,良,180;1,True,True,True,,,Dorm_10180_Body
19,1019,10190,10190,10190,1019001,15003,イジェン,Ijen,イジェン,無し,無し,???,3,17才,7/13,19,無,180cm,70/62/88,85kg,1,1,6,1,リサイクル可能なゴミ,"画画,打游戏",???,"該当機体は高エネルギー噴射装置を搭載でき,大規模な殺傷能力を持つだけでなく,持久力も高い.機動性は一般的だが,掃討戦で優れたパフォーマンスを発揮する.砕星の研究者からのフィードバックによれば,該当機体に搭載された自律システムは自我思考能力を有している.現在の戦闘記録に基づくと,該当機体には強い攻撃欲があり,攻撃命令に対しては忠実である.",自律システムが指令を拒否した記録:無し,優,"自律システムが安定かつ高性能,必要に応じて自主的に戦闘に協力できる.",良,"機体性能テスト中,各指標がすべて合格ラインに達している.",良,"範囲殺傷型武器を使用し,戦闘シミュレーションを完遂できる.",優,180;1,True,True,True,,,Dorm_10190_Body
20,1020,10200,10200,10200,1020001,2001,クリューヤ,Klyuchevskaya,ゾーイ・パヴリュチェンコ,???,鎌倉有那,???,2,17才,3/13,1,B,179cm,70/62/88,85kg,2,1,1,1,"ガソリン,コークス","画画,打游戏",???,"該当個体は明るく熱心な性格で,戦闘中は非常に真剣になる.強力な破壊力と優れた戦術指揮能力を持っているため,シミュレーション訓練では,単独や作戦行動で様々な指令を遂行することができる.注意すべき点として,該当個体は指揮を執ることを好まず,計画や指示を守ることを優先する傾向があり,やむを得ない場合にのみチームを指導・統率する.本部は様々な要素を考慮した結果,彼女を名目上","戦闘行動によるストレスに極めて高い耐性があり,命令を完遂できる.",優,"優れた指揮能力を持つ.戦場の状況に応じて合理的な配置ができ,作戦行動の中核として起用することに適している.",優,"総合体力テスト中,各指標がすべて優秀な成績を収めた.",優,"各種装備の戦闘技術に精通しているが,戦闘装備の損壊率が高い.",良,180;1,False,True,False,Dorm_10200_Hair,Dorm_10200_Face,Dorm_Girl_m1_white_Body
21,1021,10210,10210,10210,1021001,15004,シトリン,Citrine,アニ・レオンコート,???,,???,2,17才,4/3,5,A,146cm,70/62/88,85kg,3,3,12,1,朝夕の散歩,"画画,打游戏",???,"該当個体の戦闘能力はバランスが取れており,定点火砲を主とした防御戦術を多く習得している.また,防御施設の簡単な修理・点検も行うことができる.身体能力が比較的低いため,補助型の機動装甲を追加装備として使用している.","戦闘行動によるストレスに一定の耐性があり,命令を完遂できる.",良,遂行能力が高い.味方と協力して効率的に戦闘任務を完遂できる.,良,"総合体力テスト中,個別の指標で問題あり.作戦行動に外骨格の使用が推奨されている.",中,"制式装備を使用し,戦闘シミュレーションを完遂できる.",良,180;1,True,True,True,Dorm_10210_Hair,Dorm_10210_Face,Dorm_Girl_m1_white_Body
22,1022,10220,10220,10220,1022001,30002,ガーネット,Garnet,ジュリエット・アインズ,???,星ノ谷しずく,???,2,17才,6/6,39,A,156cm,70/62/88,85kg,1,4,6,1,糖分,"画画,打游戏",???,"該当個体は各指標で突出した成績を出した隊員である.主力として起用することが可能であり,支援サポートとしての起用も可能である.同時に,戦場の指揮や後方支援の部分でも突出した才能と経験を持っている.","極めて過酷な作戦条件下で,リスクの低い案で作戦を完遂を目指す行動が確認されている.",良,優れた指揮能力を持つ.戦場の状況に応じて合理的な配置ができる.,優,"総合体力テスト中,優秀な成績を収めた.",優,"各種戦闘装備に精通し,完璧に環境要因を利用して戦闘シミュレーションを完遂できる.",優,180;1,True,True,True,Dorm_10220_Hair,Dorm_10220_Face,Dorm_Girl_m1_white_Body
23,1023,10230,10230,10230,1023001,2001,モナ,Le Morne,アベル・ベルマール,???,内田雄馬,???,2,17才,2/5,1,AB,158cm,70/62/88,85kg,2,5,1,1,???,"画画,打游戏",???,???,???,優,???,優,???,優,???,優,180;1,False,True,False,Dorm_10230_Hair,Dorm_10230_Face,Dorm_Boy_Body
24,1024,10240,10240,10240,1024001,26001,パイロキシン,Pyroxene,ローズマリー・ウッズ,香凝,,???,2,17才,1/9,20,A,171cm,70/62/88,85kg,3,6,6,1,パーティー,"画画,打游戏",???,"該当個体はN.S.R調査局から派遣された特別行動隊のメンバーであり,NOVA物質に関する教育訓練を受けている.彼女の小隊は地球のNOVA結晶に関連する重犯罪事件の解決で多くの成果を上げており,豊富な作戦経験を持ち,包括的な戦闘技術と優れた捜査能力を有している.突発的な状況に対して独自の判断基準を持ち,大胆な戦術で事件をスムーズに解決する傾向が確認されている.","戦闘行動によるストレスに一定の耐性があり,命令を完遂できる.",良,優れた指揮能力を持つ.戦場の状況に応じて合理的な配置ができる.,優,"総合体力テスト中,優秀な成績を収めた.",優,"制式装備を使用し,戦闘シミュレーションを完遂できる.",良,180;1,True,True,True,Dorm_10240_Hair,Dorm_10240_Face,Dorm_Girl_m1_white_Body
25,1025,10250,10250,10250,1025001,2001,スファレライト,,オーロラ・ブラック,???,???,???,2,17才,2/5,1,AB,158cm,70/62/88,85kg,1,1,1,1,???,"画画,打游戏",???,???,???,優,???,優,???,優,???,優,180;1,False,True,False,Dorm_10250_Hair,Dorm_10250_Face,Dorm_Girl_m1_white_Body
26,1026,10260,10260,10260,1026001,31001,セキズイ,Ruby,志摩光,???,皆城つかさ,???,2,17才,10/30,11,AB,160cm,70/62/88,85kg,2,1,15,1,稲作,"画画,打游戏",???,"該当個体は非凡な武力と勇気を持ち,積極的な近接戦闘を得意としている.作戦中,何事においても先手を取るために代価を惜しまず,瞬間的な優位を得るために命を賭ける.その戦闘スタイルは極めて短時間で勝負を決するために防御を捨て,全リソースを必殺の一撃に注ぎ込む傾向が確認されている.電光石火の如く迅速かつ力強く敵を攻撃し,すべてを粉砕する勢いで,阻む敵を一刀両断する.",如何なる状況下でも明鏡止水の心を忘れない.,優,"兵法に精通し,冷静な判断ができる.チームで行動する場合,戦闘の中心として起用することに適している.",優,"総合体力テスト中,各指標がすべて合格ラインに達している.",優,"様々な武術に通じており,各種戦闘装備に精通し,素手の時は甲冑術で近接戦を行う.",良,180;1,True,True,True,Dorm_10260_Hair,Dorm_10260_Face,Dorm_Girl_s1_black_Body
27,1027,10270,10270,10270,1027001,2001,グレーズ,,花開院琉璃,???,???,???,2,17才,2/5,1,AB,158cm,70/62/88,85kg,3,3,1,1,???,"画画,打游戏",???,???,???,優,???,優,???,優,???,優,180;1,False,True,False,Dorm_10270_Hair,Dorm_10270_Face,Dorm_Girl_m1_white_Body
28,1028,10280,10280,10280,1028001,2001,アンバー,,キャサリン・ウィンザー,???,???,???,2,17才,2/5,1,AB,158cm,70/62/88,85kg,1,4,1,1,???,"画画,打游戏",???,???,???,優,???,優,???,優,???,優,180;1,False,True,False,Dorm_10280_Hair,Dorm_10280_Face,Dorm_Girl_m1_white_Body
29,2001,20010,20010,20010,2001001,1001,コンダクター,Conductor,ハリントン・セルゲイ,???,梅原裕一郎,???,1,17才,2/1,4,A,178cm,70/62/88,85kg,2,5,6,2,音楽と酒,"画画,打游戏",???,"第一回探索隊の一員として,???は砕星の基本的な環境に精通しており,相応の作戦経験を持っている.本人の戦場知識は非常に豊富であり,本部は該当個体が率いる第二分隊に大きな期待を寄せている.","戦闘行動によるストレスに極めて高い耐性があり,任務を完遂できる.",優,"優れた指揮能力を持つ.戦場の状況に応じて合理的な配置ができ,作戦行動の中核として起用することに適している.",優,"総合体力テスト中,各指標がすべて合格ラインに達している.",良,"各種戦闘装備に精通し,完璧に環境要因を利用して戦闘シミュレーションを完遂できる.",優,180;1,False,True,False,Dorm_20010_Hair,Dorm_20010_Face,Dorm_Boy_Body
30,2002,20020,20020,20020,2002001,24001,マーチ,March,メイ・ジョエル,???,田中小雪,???,2,17才,4/25,4,A,157cm,70/62/88,85kg,3,6,1,2,スポーツドリンク,"画画,打游戏",炭酸飲料,"該当個体は楽団武装を使用し,味方の士気を大幅に向上させ,他の隊員を援護する能力に優れているため,様々な戦場条件に適している.戦場補助の役割として活動する一方,楽団装備の制限により個人の防衛能力が弱いため,戦術任務や作戦配置には慎重な判断が求められる.","戦闘行動によるストレスに一定の耐性があり,命令を完遂できる.",良,遂行能力が高い.味方と協力して効率的に戦闘任務を完遂できる.,良,"総合体力テスト中,優秀な成績を収めた.",優,"制式装備を使用し,戦闘シミュレーションを完遂できる.",良,180;1,True,True,True,Dorm_20020_Hair,Dorm_20020_Face,Dorm_Girl_s1_white_Body
31,2003,20030,20030,20030,2003001,3001,アリア,,ヴィーラ・ブレイク,???,???,???,2,17才,2/5,1,AB,158cm,70/62/88,85kg,1,1,1,2,???,"画画,打游戏",???,???,???,優,???,優,???,優,???,優,180;1,False,True,False,Dorm_20030_Hair,Dorm_20030_Face,Dorm_Girl_m1_white_Body
32,2004,20040,20040,20040,2004001,1001,フーガ,Fugue,アンドレア・ヘティ,???,星乃真衣,???,2,17才,5/25,5,AB,149cm,70/62/88,85kg,2,1,21,2,ぬいぐるみ,"画画,打游戏",???,"戦闘において,該当個体は他の隊員への依存度が高く,単独での任務遂行はほとんど見られない.戦闘能力は安定していないものの,作戦補助と援護,支援においては優れた能力を発揮するため,隊員の補助として砕星戦場に投入することが推奨される.","極めて過酷な作戦条件下で,リスクの低い案で作戦を完遂を目指す行動が確認されている.",中,遂行能力が高い.味方と協力して効率的に戦闘任務を完遂できる.,良,総合体力テスト不合格.作戦行動に外骨格やその他補助装置を使用する必要あり.,劣,"制式装備を使用し,戦闘シミュレーションを完遂できる.",良,180;1,True,True,True,Dorm_20040_Hair,Dorm_20040_Face,Dorm_Girl_s1_white_Body
33,2005,20050,20050,20050,2005001,3001,コンチェルティーノ,,アイラ・クロフト,???,???,???,2,17才,2/5,1,AB,158cm,70/62/88,85kg,3,3,1,2,???,"画画,打游戏",???,???,???,優,???,優,???,優,???,優,180;1,False,True,False,Dorm_20050_Hair,Dorm_20050_Face,Dorm_Girl_m1_white_Body
34,2006,20060,20060,20060,2006001,3001,リピエーノ,,アベル・クロフト,???,???,???,2,17才,2/5,1,AB,158cm,70/62/88,85kg,1,4,1,2,???,"画画,打游戏",???,???,???,優,???,優,???,優,???,優,180;1,False,True,False,Dorm_20060_Hair,Dorm_20060_Face,Dorm_Girl_m1_white_Body
35,2007,20070,20070,20070,2007001,14002,アンセム,Anthem,ミラー・プリュドム,香凝,豊田奈々,???,2,17才,1/6,8,A,164cm,70/62/88,85kg,2,5,6,2,ホットミルク,"画画,打游戏",???,"該当個体は戦闘能力のみならず,全体的に優れた素質を備えており,人格的な魅力を持つことで作戦チームの安定性を大幅に向上させることができる.戦術面では,仲間の精神と意志を鼓舞し,士気を高める重要な作戦ユニットとして機能する.","戦闘行動によるストレスに極めて高い耐性があり,任務を完遂できる.",優,優れた指揮能力を持つ.戦場の状況に応じて合理的な配置ができる.,優,"総合体力テスト中,各指標がすべて合格ラインに達している.",良,"制式装備を使用し,戦闘シミュレーションを完遂できる.",良,180;1,True,True,True,Dorm_20070_Hair,Dorm_20070_Face,Dorm_Girl_m1_white_Body
36,2008,20080,20080,20080,2008001,12001,メロディ,Melody,初春青葉,杏林兒,青井玲,???,2,17才,2/29,11,B,152cm,70/62/88,85kg,3,6,10,2,"自然,植物","画画,打游戏",???,"該当個体は補助能力に優れ,豊富な砕星探査経験を持ち,様々な作戦メンバーとの協力・調整が可能である.しかし,その特殊な身体状況を考慮し,戦場では後方に配置し,補助作戦員として起用することが推奨される.また,作戦任務においては,専任の付き添いを配置することが推奨される.","極めて過酷な作戦条件下で,メンタル面に問題あり.",中,"大多数な状況下で,味方と協力して戦闘任務を完遂できる.",良,過去に重度な身体的損傷の経験あり.高度な身体改造手術実施済.,中,個人所有の装備に精通している.,良,180;1,True,True,True,Dorm_20080_Hair,Dorm_20080_Face,Dorm_Girl_m1_white_Body
37,2009,20090,20090,20090,2009001,11003,エコー,Echo,ドロシー・ハーモニー,???,野村香菜子,???,2,17才,7/7,5,A,145cm,70/62/88,85kg,1,1,1,2,バニラ,"画画,打游戏",???,"該当個体はNERIヴェスプシ支部から派遣されており,戦術的意識が優れ,実戦経験も豊富である.上官の命令に忠実であり,チームの不可欠な医務員として,温和で善良な性格から隊員たちに深く愛されている.","戦闘行動によるストレスに一定の耐性があり,命令を完遂できる.",良,遂行能力が高い.味方と協力して効率的に戦闘任務を完遂できる.,良,"総合体力テスト中,個別の指標で問題あり.作戦行動に外骨格の使用が推奨されている.",中,"制式装備を使用し,戦闘シミュレーションを完遂できる.",良,180;1,True,True,True,Dorm_20090_Hair,Dorm_20090_Face,Dorm_Girl_s1_white_Body
38,2010,20100,20100,20100,2010001,4001,カノン,,ボリー・パッヘルベル,???,???,???,2,17才,2/5,1,AB,158cm,70/62/88,85kg,2,1,1,2,???,"画画,打游戏",???,???,???,優,???,優,???,優,???,優,180;1,False,True,False,Dorm_20100_Hair,Dorm_20100_Face,Dorm_Girl_m1_white_Body
39,2011,20110,20110,20110,2011001,26003,アルペッジョ,Arpeggio,クララ・ハスキル,王雲行,井上桃花,???,2,17才,11/15,28,B,161cm,70/62/88,85kg,3,3,6,2,祭り,"画画,打游戏",???,"該当個体は優れた作戦補助能力を持ち,援護や治癒の技術が非常に高水準に達している.作戦中には頭脳明晰で行動の手配が整然としており,調達や支援任務において一定の指揮を担うことができる.","戦闘行動によるストレスに一定の耐性があり,命令を完遂できる.",良,優れた指揮能力を持つ.戦場の状況に応じて合理的な配置ができる.,優,"総合体力テスト中,各指標がすべて合格ラインに達している.",良,"制式装備を使用し,戦闘シミュレーションを完遂できる.",良,180;1,True,True,True,Dorm_20110_Hair,Dorm_20110_Face,Dorm_Girl_m1_white_Body
40,2012,20120,20120,20120,2012001,22001,エレジー,Elegy,イザベル・ローズ,???,富田美憂,???,2,17才,10/28,1,AB,155cm,70/62/88,85kg,1,4,6,2,不明,"画画,打游戏",???,,"極めて過酷な作戦条件下で,リスクの低い案で作戦を完遂を目指す行動が確認されている.",中,"一般的な協調戦闘能力を持つ,他の隊員と協力できる.",中,総合体力テスト不合格.作戦行動に外骨格やその他補助装置を使用する必要あり.,劣,"制式装備を使用し,戦闘シミュレーションを完遂できる.",良,180;1,True,True,True,Dorm_20120_Hair,Dorm_20120_Face,Dorm_Girl_m1_white_Body
41,2013,20130,20130,20130,2013001,4001,レクイエム,Requiem,ジョイス・ジョヴォヴィッチ,???,???,???,2,17才,2/5,1,AB,158cm,70/62/88,85kg,2,5,1,2,???,"画画,打游戏",???,???,???,優,???,優,???,優,???,優,180;1,False,True,False,Dorm_20130_Hair,Dorm_20130_Face,Dorm_Girl_m1_white_Body
42,2014,20140,20140,20140,2014001,11002,カプリッチョ,Capriccio,モニカ・パガニーニ,馮曉萌,,???,2,17才,10/27,35,B,163cm,70/62/88,85kg,3,6,6,2,ワイン,"画画,打游戏",???,"該当個体の身体能力には特筆すべき点はないが,高度な武装運用技術により機動力や作戦補助能力の面で非常に高い評価を受けている.作戦上のポジションとして,仲間に絶好の攻撃機会を提供することを得意とする.戦術面で相当な才能を持ち,自由な発想力で戦闘中に独特な打開策を見出すことがある.","戦闘行動によるストレスに一定の耐性があり,命令を完遂できる.",良,"独特な戦術や戦略思考を持つが,指揮スタイルがやや不安定.更なる判断材料が必要.",良,"総合体力テスト中,個別の指標で問題あり.作戦行動に外骨格の使用が推奨されている.",中,"制式装備を使用し,戦闘シミュレーションを完遂できる.",良,180;1,True,True,True,Dorm_20140_Hair,Dorm_20140_Face,Dorm_Girl_m1_white_Body
43,2015,20150,20150,20150,2015001,11004,ファンタジア,Fantasia,インテンマ,???,,???,2,17才,6/12,11,O,154cm,70/62/88,85kg,1,1,6,2,飴,"画画,打游戏",???,"該当個体の特殊な精神状態は,作戦効率に影響を与える懸念がある一方で,砕星の環境への適応性は高く評価できる.盲目的な自信が作戦に不利をもたらす可能性があるため,適切なメンバーを配置して該当個体をサポートすることが推奨される.","戦闘行動によるストレスに極めて高い耐性があり,任務を完遂できる.",優,"他の隊員と協力し,戦闘任務を完遂できるが,単独行動が多く確認されている.",中,"総合体力テスト中,個別の指標で問題あり.作戦行動に外骨格の使用が推奨されている.",中,"制式装備を使用し,戦闘シミュレーションを完遂できる.",良,180;1,True,True,True,Dorm_20150_Hair,Dorm_20150_Face,Dorm_Girl_m1_white_Body
44,2016,20160,20160,20160,2016001,4001,無し,,無し,???,???,???,2,17才,2/5,1,AB,158cm,70/62/88,85kg,2,1,1,2,???,"画画,打游戏",???,???,???,優,???,優,???,優,???,優,180;1,False,True,False,Dorm_20160_Hair,Dorm_20160_Face,Dorm_Girl_m1_white_Body
45,2017,20170,20170,20170,2017001,4001,ドラム,Drum,ボーウェン・ハード,???,???,???,2,17才,2/5,1,AB,158cm,70/62/88,85kg,3,3,1,2,???,"画画,打游戏",???,???,???,優,???,優,???,優,???,優,180;1,False,True,False,Dorm_20170_Hair,Dorm_20170_Face,Dorm_Girl_m1_white_Body
46,2018,20180,20180,20180,2018001,4001,トッカータ,Toccata,リスティア・ツェペシュ,???,???,???,2,17才,2/5,1,AB,158cm,70/62/88,85kg,1,4,1,2,???,"画画,打游戏",???,???,???,優,???,優,???,優,???,優,180;1,False,True,False,Dorm_20180_Hair,Dorm_20180_Face,Dorm_Girl_m1_white_Body
47,2019,20190,20190,20190,2019001,4001,???,Creation A,スー・ヒル,???,???,???,2,17才,2/5,1,AB,158cm,70/62/88,85kg,2,5,1,2,???,"画画,打游戏",???,???,???,優,???,優,???,優,???,優,180;1,False,True,False,Dorm_20190_Hair,Dorm_20190_Face,Dorm_Girl_m1_white_Body
48,2020,20200,20200,20200,2020001,4001,???,Creation A,ジョイス・ジョヴォヴィッチ,???,???,???,2,17才,2/5,1,AB,158cm,70/62/88,85kg,3,6,1,2,???,"画画,打游戏",???,???,???,優,???,優,???,優,???,優,180;1,False,True,False,Dorm_20200_Hair,Dorm_20200_Face,Dorm_Girl_m1_white_Body
49,2021,20210,20210,20210,2021001,4001,レム,,アリソン・シューベルト,???,???,???,2,17才,2/5,1,AB,158cm,70/62/88,85kg,1,1,1,2,???,"画画,打游戏",???,???,???,優,???,優,???,優,???,優,180;1,False,True,False,Dorm_20210_Hair,Dorm_20210_Face,Dorm_Girl_m1_white_Body
50,2023,20230,20230,20230,2023001,27001,ストラム,Strum ,フローラ・ベイカー,路莽,朝日千夏,???,2,17才,3/5,12,O,167cm,70/62/88,85kg,1,1,6,2,人間観察,"画画,打游戏",???,"該当個体は豊富な医学知識を持ち,負傷者に迅速かつ正確な緊急治療を提供できる.さらに,エリート隊員に劣らない鋭い観察力を持ち,変化の多い戦場で柔軟に作戦を立て,部隊の損害率を最低限に抑えることができる.ただし,該当個体の体力面に難があり,最高の作戦価値を発揮するには他隊員の援護が必要.","極めて過酷な作戦条件下で,リスクの低い案で作戦を完遂を目指す行動が確認されている.",中,"優れた指揮能力を持つ.戦場の状況に応じて合理的な配置ができ,作戦行動の中核として起用することに適している.",優,"総合体力テスト中,個別の指標で問題あり.作戦行動に外骨格の使用が推奨されている.",中,"各種戦闘装備に精通し,完璧に環境要因を利用して戦闘シミュレーションを完遂できる.",優,180;1,True,True,True,Dorm_20230_Hair,Dorm_20230_Face,Dorm_Girl_m1_white_Body
51,2024,20240,20240,20240,2024001,4001,イリアン,Uillean,ニアフ・マックール,路莽,高咲佳菜恵,???,2,17才,2/5,1,B,166cm,70/62/88,85kg,1,1,4,2,タップダンス,"画画,打游戏",???,"該当個体は優れた戦場補助および戦場観察能力を持ち,迅速に状況を判断して戦闘に参加し,戦場で起こったすべてを忠実に記録することができる.ただし,戦闘力や戦闘意志がやや不足しているため,戦闘の中心メンバーとしての起用は推奨されない.","極めて過酷な作戦条件下で,リスクの低い案で作戦を完遂を目指す行動が確認されている.",中,遂行能力が高い.味方と協力して効率的に戦闘任務を完遂できる.,良,"総合体力テスト中,各指標がすべて合格ラインに達している.",良,個人所有の装備に精通している.,良,180;1,True,True,True,Dorm_20240_Hair,Dorm_20240_Face,Dorm_Girl_m1_white_Body
52,3001,30010,30010,30010,3001001,4001,ディノクロクタ,Dinocrocuta,ケイ・ジーシン,???,???,???,2,17才,2/5,1,AB,158cm,70/62/88,85kg,2,1,1,3,???,"画画,打游戏",???,???,???,優,???,優,???,優,???,優,180;1,False,True,False,Dorm_30010_Hair,Dorm_30010_Face,Dorm_Girl_m1_white_Body
53,3002,30020,30020,30020,3002001,15002,ロコタン,Lokotunjailurus,ヴィヴィアン・ブルフェルト,???,大神綾音,???,2,17才,7/12,8,O,164cm,70/62/88,85kg,3,3,12,3,漫画,"画画,打游戏",???,"該当個体の戦闘スタイルは非常に不安定であり,時に衝動的で無謀だが,時に巧妙な戦術を展開することもある.信頼性に欠けるが,チーム単位での協同作戦時にはコミュニケーションや信頼関係の構築に支障はない.長期間または精密な作戦では十分な実力が発揮できないため,適切な作戦任務を選択するか,十分な戦闘経験を持つ隊員と共に行動させることが推奨される.","戦闘行動によるストレスに一定の耐性があり,命令を完遂できる.",良,遂行能力が高い.味方と協力して効率的に戦闘任務を完遂できる.,良,"総合体力テスト中,各指標がすべて合格ラインに達している.",良,"各種戦闘装備に精通し,完璧に環境要因を利用して戦闘シミュレーションを完遂できる.",優,180;1,True,True,True,Dorm_30020_Hair,Dorm_30020_Face,Dorm_Girl_s1_white_Body
54,3003,30030,30030,30030,3003001,5001,ライメイ,,クラウディア・キーン,???,???,???,2,17才,2/5,1,AB,158cm,70/62/88,85kg,1,4,1,3,???,"画画,打游戏",???,???,???,優,???,優,???,優,???,優,180;1,False,True,False,Dorm_30030_Hair,Dorm_30030_Face,Dorm_Girl_m1_white_Body
55,3004,30040,30040,30040,3004001,29001,カニス,Kenai,マクスウェル・カーライル,???,小原莉子,???,2,17才,5/3,7,B,163cm,70/62/88,85kg,2,5,6,3,レースカー組立,"画画,打游戏",???,"該当個体は全体的に非常に優れた素質を持ち,大量のスタミナを要求する戦闘に適任である.同時に,チームワークの意識と能力も突出しており,協同作戦が必要な計画に加えるのに適している.しかし,該当個体は特殊な理由により,過度に作戦に没頭し,自身を危険に晒すことがあり,撤退命令を拒否する状況が確認されているため,必要に応じて他の隊員が介入と管理措置を実施することを推奨する.","戦闘行動によるストレスに一定の耐性があるが,多大なストレスに直面した時にあらゆる指示を無視する状態に陥ることが確認されているため,注意が必要.",良,"優秀な執行力と協調性を持ち,他の隊員と共に効率よく任務を完遂できる.",良,"総合体力テスト中,優秀な成績を収めており,各指標すべて優秀な成績を収めた.",優,"制式装備を使用し,環境に応じで軽度な軽量化改造を行い,戦闘シミュレーションを完遂できる.",良,180;1,True,True,True,Dorm_30040_Hair,Dorm_30040_Face,Dorm_Girl_m1_white_Body
56,3005,30050,30050,30050,3005001,11001,アケロン,Acheron,ティナ・ギブソン,晨寧溪,和久野愛佳,???,2,17才,10/6,7,B,159cm,70/62/88,85kg,3,6,1,3,一人で冒険,"画画,打游戏",???,"該当個体は優れた持久戦闘能力を持ち,戦闘において長期にわたり戦線維持に貢献できる.ただし,性格上,他の隊員との協力が難しく,協調作戦が必要な場面での評価は低い.資料によると,特定の条件下では他者と高度な連携が取れるとされているが,その条件をどのように再現するかについてはさらなる分析が必要である.","戦闘行動によるストレスに一定の耐性があり,命令を完遂できる.",良,味方と協調戦闘が行えない.単独による任務遂行に適している.,劣,"総合体力テスト中,優秀な成績を収めた.",優,"各種戦闘装備に精通しているが,戦闘装備の損壊率がやや高い.",良,180;1,True,True,True,Dorm_30050_Hair,Dorm_30050_Face,Dorm_Girl_m1_white_Body
57,3006,30060,30060,30060,3006001,5001,ティタノボア,Creation A,無し,???,???,???,2,17才,2/5,1,AB,158cm,70/62/88,85kg,1,1,1,3,???,"画画,打游戏",???,???,???,優,???,優,???,優,???,優,180;1,False,True,False,Dorm_30060_Hair,Dorm_30060_Face,Dorm_Girl_m1_white_Body
58,3007,30070,30070,30070,3007001,5001,オウル,,ハル・バード,???,???,???,2,17才,2/5,1,AB,158cm,70/62/88,85kg,2,1,1,3,???,"画画,打游戏",???,???,???,優,???,優,???,優,???,優,180;1,False,True,False,Dorm_30070_Hair,Dorm_30070_Face,Dorm_Girl_m1_white_Body
59,3008,30080,30080,30080,3008001,15005,タルボット,Talbot,ロベリッタ・アルベーラ,香凝,村野藍,???,2,17才,4/26,20,A,164cm,70/62/88,85kg,3,3,6,3,ネオンライト,"画画,打游戏",???,"該当個体はN.S.R調査局から派遣された特別行動隊員である.作戦経験が豊富で,戦闘能力はバランスが取れており,遂行能力も非常に高い.作戦命令を忠実に遂行でき,その機動力の高さを考慮すると","極めて過酷な作戦条件下で,リスクの低い案で作戦を完遂を目指す行動が確認されている.",良,遂行能力が高い.味方と協力して効率的に戦闘任務を完遂できる.,良,"総合体力テスト中,優秀な成績を収めた.",優,"制式装備を使用し,戦闘シミュレーションを完遂できる.",良,180;1,True,True,True,Dorm_30080_Hair,Dorm_30080_Face,Dorm_Girl_m1_white_Body
60,3009,30090,30090,30090,3009001,3001,クトゥルフ,Vampyroteuthis,スーザ・イ・ドーハ,???,???,???,2,17才,2/5,1,AB,158cm,70/62/88,85kg,1,4,1,3,???,"画画,打游戏",???,???,???,優,???,優,???,優,???,優,180;1,False,True,False,Dorm_30090_Hair,Dorm_30090_Face,Dorm_Girl_m1_white_Body
61,3010,30100,30100,30100,3010001,4002,ポンゴ,Pongo,ベニー・バーク,王雲行,,???,2,17才,6/1,4,O,156cm,70/62/88,85kg,2,5,6,3,ガム,"画画,打游戏",???,"該当個体の破壊力が突出しているが,いたずら好きな性格がしばしば作戦の悩みの種となり,指令を無視して行動することが多く確認されている.一部の隊員からは不満が出ているが,本人は全く気にしておらず,入隊後も引き続き観察と指導が必要である.","戦闘行動によるストレスに一定の耐性があり,命令を完遂できる.",良,"性格に難あり.一般的な協調戦闘能力を持つ,辛うじて他の隊員と協力できる.",中,"総合体力テスト中,各指標がすべて合格ラインに達している.",良,"制式装備を使用し,戦闘シミュレーションを完遂できる.",良,180;1,True,True,True,Dorm_30100_Hair,Dorm_30100_Face,Dorm_Girl_s1_white_Body
62,3011,30110,30110,30110,3011001,3001,メルヴィル,Melvillei,イヴリン・I・アルレヴァス,???,???,???,2,17才,2/5,1,AB,158cm,70/62/88,85kg,3,6,1,3,???,"画画,打游戏",???,???,???,優,???,優,???,優,???,優,180;1,False,True,False,Dorm_30110_Hair,Dorm_30110_Face,Dorm_Girl_m1_white_Body
63,3012,30120,30120,30120,3012001,3001,シヴァ,Siva,コッホ・ルートヴィヒ,???,星ノ谷しずく,???,2,17才,4/10,8,B,155cm,70/62/88,85kg,1,1,6,3,小動物の世話,"画画,打游戏",???,"該当個体は戦場での機動力が突出しており,強襲作戦を迅速に完遂できる.また,作戦中に有用な技術に精通し,強い戦闘意志を持っている.日常生活ではやや怠惰なところが見られるが,作戦中には意欲が確認されているため,指導は注意程度に留めることが推奨される.","戦闘行動によるストレスに一定の耐性があり,命令を完遂できる.",良,"武装に特異性あり.一般的な協調戦闘能力を持つが,単独行動を好む.",中,"総合体力テスト中,優秀な成績を収めた.",優,"各種戦闘装備に精通しているが,戦闘装備の損壊率がやや高い.",良,180;1,True,True,True,Dorm_30120_Hair,Dorm_30120_Face,Dorm_Girl_m1_white_Body
64,3013,30130,30130,30130,3013001,3001,ヘリコプリオン,Edestus,ハイジ,???,咲々木瞳,???,2,17才,2/5,5,AB,158cm,70/62/88,85kg,2,1,6,3,???,"画画,打游戏",???,???,???,優,???,優,???,優,???,優,180;1,False,True,False,Dorm_30130_Hair,Dorm_30130_Face,Dorm_Girl_m1_white_Body
65,3014,30140,30140,30140,3014001,3001,ハスティ,Haast,リンデン・ハーキンス,???,???,???,2,17才,2/5,1,AB,158cm,70/62/88,85kg,3,3,1,3,???,"画画,打游戏",???,???,???,優,???,優,???,優,???,優,180;1,False,True,False,Dorm_30140_Hair,Dorm_30140_Face,Dorm_Girl_m1_white_Body
66,3015,30150,30150,30150,3015001,12001,シャスタ,Shastasaurus,セシリア・クルーゼ,???,,???,2,17才,2/18,37,A,166cm,70/62/88,85kg,1,4,19,3,静かな深海,"画画,打游戏",???,"該当個体はバランスの取れた戦闘能力を持ち,様々な戦闘環境に適応できる.記録上では,単独で任務を遂行する際,時折撤退命令を無視して敵陣に深入りする行動が確認されている.この行動は無意識の自己破壊的行動と分析されており,戦闘中は常に該当個体の精神状態に注意を払うことが推奨される.","戦闘行動によるストレスに一定の耐性があり,命令を完遂できる.",良,"一般的な協調戦闘能力を持つ,単独行動を好む.",中,"総合体力テスト中,各指標がすべて合格ラインに達している.",良,各種戦闘装備に精通している(失認症発作の場合を除く).,良,180;1,True,True,False,Dorm_30150_Hair,Dorm_30150_Face,Dorm_Girl_m1_white_Body
67,3016,30160,30160,30160,3016001,3001,ドードー,,リース・サマーズ,???,???,???,2,17才,2/5,1,AB,158cm,70/62/88,85kg,2,5,1,3,???,"画画,打游戏",???,???,???,優,???,優,???,優,???,優,180;1,False,True,False,Dorm_30160_Hair,Dorm_30160_Face,Dorm_Girl_m1_white_Body
68,3017,30170,30170,30170,3017001,3001,レニ,,ジン・ルージェン,???,???,???,2,17才,2/5,1,AB,158cm,70/62/88,85kg,3,6,1,3,???,"画画,打游戏",???,???,???,優,???,優,???,優,???,優,180;1,False,True,False,Dorm_30170_Hair,Dorm_30170_Face,Dorm_Girl_m1_white_Body
69,3018,30180,30180,30180,3018001,14002,マカイロドス,Machairodus,マルティナ・コッツ,香凝,宮白桃子,???,2,17才,5/26,7,A,169cm,70/62/88,85kg,1,1,7,3,ハイキング,"画画,打游戏",???,"該当個体の戦闘スタイルは乱暴だが,効果的である.長期間や精密な作戦では十分な実力が発揮できないため,適切な作戦任務を選択する必要がある.戦闘データによると,該当個体の装備損壊率は非常に高く,その多くはオーバーヒートによるものである.後方支援部隊が離れている場合は,該当個体の装備使用状況と消耗に注意する必要がある.","戦闘行動によるストレスに極めて高い耐性があり,任務を完遂できる.",優,"チームを率いて効率的に戦闘任務を完遂できるが,単独行動が時折確認されている.",良,"総合体力テスト中,優秀な成績を収めた.",優,"各種戦闘装備に精通しているが,戦闘装備の損壊率がやや高い.",中,180;1,True,True,True,Dorm_30180_Hair,Dorm_30180_Face,Dorm_Girl_m1_white_Body
70,3019,30190,30190,30190,3019001,3001,アイアンジョー,Archelon,エリカ・レック,???,???,???,2,17才,2/5,1,AB,158cm,70/62/88,85kg,2,1,1,3,???,"画画,打游戏",???,???,???,優,???,優,???,優,???,優,180;1,False,True,False,Dorm_30190_Hair,Dorm_30190_Face,Dorm_Girl_m1_white_Body
71,3020,30200,30200,30200,3020001,2001,ダイアウルフ,Direwolf,ニコル・イザベル,香凝,松田利冴,???,2,17才,10/10,5,B,167cm,70/62/88,85kg,3,3,1,3,"新型武器,機械製品","画画,打游戏",小型ペット,"該当個体は優れた攻撃能力を持ち,強力な攻撃手段を有しており,戦闘の主力として配置できる.反面,戦闘中に性格に起因する作戦命令の不遵守が見られ,一定の作戦リスクがある.該当個体の装備は攻撃性武器が主体で防御力が低いため,相応のサポートが必要である.作戦においては援護や補助ができる隊員と協同で行うことが推奨される.",困難な状況下で転移や第二プランを選択することが確認されている.,良,"一般的な協調戦闘能力を持つ,他の仲間と協力できる.",中,"総合体力テスト中,各指標がすべて優秀な成績を収めた.",優,"各種戦闘装備に精通し,高度な装備メンテナンスが行える.",優,180;1,True,True,True,Dorm_30200_Hair,Dorm_30200_Face,Dorm_Girl_m1_white_Body
72,3021,30210,30210,30210,3021001,3001,スピノローズ,,デビー・マナ,???,???,???,2,17才,2/5,1,AB,158cm,70/62/88,85kg,1,4,1,3,???,"画画,打游戏",???,???,???,優,???,優,???,優,???,優,180;1,False,True,False,Dorm_30210_Hair,Dorm_30210_Face,Dorm_Girl_m1_white_Body
73,3022,30220,30220,30220,3022001,5001,レックス,REX,テス・レヴィル,王雲行,ブリドカットセーラ恵美,???,2,17才,5/14,21,A,151cm,70/62/88,85kg,2,5,8,3,武器メンテナンス,"画画,打游戏",???,"該当個体は優れた戦闘能力を持ち,様々な戦場に適応できるだけでなく,命令を厳守し,戦術的な作戦任務も遂行できる.特筆すべき点として,身分を隠して潜入行動を行う能力は高く評価されている.また,協調戦闘能力も優れているが,これは同年代や他のクリテイシャスメンバーとの場合に限る.","戦闘行動によるストレスに一定の耐性があり,命令を完遂できる.",良,遂行能力が高い.味方と協力して効率的に戦闘任務を完遂できる.,良,"総合体力テスト中,各指標がすべて合格ラインに達している.",良,"各種戦闘装備に精通し,完璧に環境要因を利用して戦闘シミュレーションを完遂できる.",優,180;1,True,True,True,Dorm_30220_Hair,Dorm_30220_Face,Dorm_Girl_s1_white_Body
74,3023,30230,30230,30230,3023001,3002,スターナス,Sturnus,エラ・ベルマール,???,中山まなか,???,2,17才,9/15,10,A,154cm,70/62/88,85kg,3,6,3,3,不明,"画画,打游戏",???,"該当個体は優れた機動力と瞬発力を持ち,短時間で驚異的な高度まで飛行できる.戦術面において,高空からの急降下攻撃で敵に圧倒的なプレッシャーを与え,敵陣を突破するのは有効である.迅速に人員を調達し,制空権を確保する必要がある場合,該当個体が優先的に推奨される.","極めて過酷な作戦条件下で,リスクの低い案で作戦を完遂を目指す行動が確認されている.",良,"優れた協調戦闘能力を持つが,単独行動を好む.",良,"総合体力テスト中,各指標がすべて合格ラインに達している.",良,"各種戦闘装備に精通し,完璧に環境要因を利用して戦闘シミュレーションを完遂できる.",優,180;1,True,True,True,Dorm_30230_Hair,Dorm_30230_Face,Dorm_Girl_m1_white_Body
75,3024,30240,30240,30240,3024001,3001,アズダルコ,Azhdarcho,ブルース・シール,???,???,???,2,17才,2/5,1,AB,158cm,70/62/88,85kg,1,1,1,3,???,"画画,打游戏",???,???,???,優,???,優,???,優,???,優,180;1,False,True,False,Dorm_30240_Hair,Dorm_30240_Face,Dorm_Girl_m1_white_Body
76,3025,30250,30250,30250,3025001,11002,ステーゴス,Stegosaurus,プリシラ,???,成川有咲,???,2,17才,12/8,21,O,164cm,70/62/88,85kg,2,1,8,3,絵本,"画画,打游戏",???,"普段の行動から,該当個体は情報戦に長けた補助隊員と見られがちだが,体力テストから見ると,珍しい戦闘の才能を持ち,繊細な体の中に常人とは異なる力を秘めている.NOVAがもたらした変異は彼女の生活に大きな影響を与えたが,この特別な力を戦場で合理的に活用すれば,必ずや大きな功績を立てることができるだろう.",困難な状況下で転移や第二プランを選択することが確認されている.,中,味方と協力して戦闘任務を完遂できる.,良,"身体能力テスト中において,設備を破壊した.",優,"熟練に制式装備を使用し,作戦指示を完遂できる.",良,180;1,True,True,True,Dorm_30250_Hair,Dorm_30250_Face,Dorm_Girl_m1_white_Body
77,3026,30260,30260,30260,3026001,24002,ティラノス,Tyrant,カレン・ロレーヌ,???,堀籠沙耶,???,2,17才,11/4,21,B,159cm,70/62/88,85kg,3,3,8,3,レシピ集め,"画画,打游戏",???,"該当個体は各能力が非常にバランスが取れている.特に注目すべきは,その独特な食材収集と加工能力により,クリーチャー構造に対する独自の理解力を持ち,後方で支援を提供することも,前線部隊で重要な指導と調整役を果たすこともできる.ただし,時には過度に集中し,危険な戦場にいることを忘れることがあるため,随行メンバーが適時に注意を促し,必要な援助を提供することを望む.","戦闘行動によるストレスに一定の耐性があり,命令を完遂できる.",良,"協同作戦能力が高く,如何なるタイプのチームで重要な役割を発揮できる.",優,"総合体力テスト中,各指標がすべて合格ラインに達している.",良,"熟練に制式装備を使用し,作戦指示を完遂できる.",良,180;1,True,True,True,Dorm_30260_Hair,Dorm_30260_Face,Dorm_Girl_m1_white_Body
78,3027,30270,30270,30270,3027001,11003,アンキロ,Ankylosaurus,フィリップ・ボンド,???,福島空,???,2,17才,6/21,21,B,165cm,70/62/88,85kg,1,4,8,3,狩猟,"画画,打游戏",???,"該当個体は戦闘能力が抜群で,並外れた行動力を有している.しかし,軽率な性格のため,任務中に深く考えることはなく,通り過ぎた場所は台風が通過したかのようになり,チームメンバーもその影響を受ける.初期的には協同作戦には不向きと判断された.しかし,パートナーをレックスとステーゴスに替えたところ,予想外の高い協調性を示し,本部の検討により,","戦闘行動によるストレスに一定の耐性があり,命令を完遂できる.",良,クリテイシャスのメンバーとのみ協調作戦が可能.,中,"総合体力テスト中,優秀な成績を収めた.",優,"熟練に制式装備を使用し,作戦指示を完遂できる.",良,180;1,True,True,True,Dorm_30270_Hair,Dorm_30270_Face,Dorm_Girl_m1_white_Body
79,3028,30280,30280,30280,3028001,3001,ヴェロキラ,,服部花火,???,???,???,2,17才,2/5,1,AB,158cm,70/62/88,85kg,2,5,1,3,???,"画画,打游戏",???,???,???,優,???,優,???,優,???,優,180;1,False,True,False,Dorm_30280_Hair,Dorm_30280_Face,Dorm_Girl_m1_white_Body
80,3029,30290,30290,30290,3029001,3001,ブロント,,ジェマ・ワシントン,???,???,???,2,17才,2/5,1,AB,158cm,70/62/88,85kg,3,6,1,3,???,"画画,打游戏",???,???,???,優,???,優,???,優,???,優,180;1,False,True,False,Dorm_30290_Hair,Dorm_30290_Face,Dorm_Girl_m1_white_Body
81,3030,30300,30300,30300,3030001,3001,ブルーバック,Bluebuck,ニコリン・ウーソン,???,???,???,2,17才,2/5,1,AB,158cm,70/62/88,85kg,1,1,1,3,???,"画画,打游戏",???,???,???,優,???,優,???,優,???,優,180;1,False,True,False,Dorm_30300_Hair,Dorm_30300_Face,Dorm_Girl_m1_white_Body
82,3031,30310,30310,30310,3031001,31001,メガロ,Megaloceros,カーラ・オーウェン,香凝,織部はるか,???,2,17才,5/16,8,A,157cm,70/62/88,85kg,2,1,3,3,新しい友達を作る,"画画,打游戏",???,"該当個体は非凡な戦闘意志を持ち,戦場では遊撃に長けており,前線に出る突撃戦に適している.一方で,精密操作技術に欠けるため,戦闘中の装備破損率はかなり高い.装備のメンテナンスに長けた専門家のサポートがあれば,戦闘効率を最大化できる.","戦闘行動によるストレスに極めて高い耐性があり,任務を完遂できる.",優,遂行能力が高い.味方と協力して効率的に戦闘任務を完遂できる.,良,"総合体力テスト中,各指標がすべて合格ラインに達している.",良,"一般的な命令を完遂できるが,戦闘装備の損壊率がやや高い.",中,180;1,True,True,True,Dorm_30310_Hair,Dorm_30310_Face,Dorm_Girl_s1_white_Body
83,3032,30320,30320,30320,3032001,3002,ペロ,Pelorovis,ハンナ・ハンス,綠綺,宮内萌李,???,2,17才,2/29,8,AB,169cm,70/62/88,85kg,3,3,3,3,???,"画画,打游戏",???,"現在のテストデータによれば,該当個体は身体素質や戦闘技術を除く各項目で平均値を大きく下回り,命令無視や消極的な戦闘態度が多く確認されている.しかし,更なる分析では,メガロと共に作戦を行う際に,時折常識を超えた戦闘技術を発揮することがある.明確な証拠に基づき,該当個体は意図的に能力を抑えていると推測される.その意図は不明であり,真の戦闘技術については今後も観察が必要とされる.","極めて過酷な作戦条件下で,リスクの低い案で作戦を完遂を目指す行動が確認されている.",中,"一般的な協調戦闘能力を持つ,単独行動を好む.",中,"総合体力テスト中,優秀な成績を収めた.",優,"各種戦闘装備に精通し,完璧に環境要因を利用して戦闘シミュレーションを完遂できる.",優,180;1,True,True,True,Dorm_30320_Hair,Dorm_30320_Face,Dorm_Girl_m1_white_Body
84,3040,30400,30400,30400,3040001,5001,バッドランズ,Badlands,フーダ・テオドール,???,長妻樹里,???,2,17才,10/25,20,AB,150cm,70/62/88,85kg,1,4,6,3,ふわふわの小動物,"画画,打游戏",???,"該当個体は能力がバランスよく整っており,豊富な戦闘経験を持つため,様々な環境で安定した戦闘が可能である.総合体力テストでは,優れた筋力を示し,耐荷重や握力などの面で他の通常個体を大きく上回った.本部の分析により,該当個体には重量武装が支給されたが,戦場での機動力に著しい影響は見られなかった.注意すべき点として,該当個体に精密機器を使用させることは,不要な損失を防ぐため避けるべきである.","戦闘行動によるストレスに一定の耐性があり,命令を完遂できる.",良,遂行能力が高い.味方と協力して効率的に戦闘任務を完遂できる.,良,"総合体力テスト中,各指標がすべて合格ラインに達している.",良,"各種戦闘装備に精通しているが,戦闘装備の損壊率がやや高い.",良,180;1,True,True,True,Dorm_30400_Hair,Dorm_30400_Face,Dorm_Girl_m1_white_Body
85,3042,30420,30420,30420,3042001,13001,リンクス,Lynx,ジョアンナ・メイ,王雲行,豊田奈々,???,2,17才,7/26,27,B,143cm,70/62/88,85kg,2,5,16,3,バードウォッチング,"画画,打游戏",???,"該当個体は戦闘員としての評価は低く,筋力テストでも合格ラインに達していない.しかし,隠密行動,状況偵察,データ収集などの分野では独自の能力と技術を持つ.偵察任務で戦場に投入し,戦闘のサポートを行うことが推奨される.","ハイリスクな任務に対し,撤退を優先することが確認されている.",劣,"独特な戦術や戦略思考を持つが,単独行動を好む.",良,"総合体力テスト中,個別の指標で問題あり.",中,"個人所有の装備に精通し,戦闘シミュレーションを完遂できる.",良,180;1,True,True,True,Dorm_30420_Hair,Dorm_30420_Face,Dorm_Girl_s1_white_Body
86,3043,30430,30430,30430;30431,3043001,15002,レプス,Lepus,愛川・ベケット,脹脹,真野あゆみ,???,2,17才,2/18,41,O,167cm,70/62/88,85kg,2,5,6,3,???,"画画,打游戏",???,"該当個体の能力は平均的であり,各種テストはかろうじて合格している.該当個体はシンクロコアを所有しており,その機能が完全かどうかは不明だが,その戦力は探索隊のいずれかの分隊に所属するのに十分である.しかし,該当個体がNERI特務機関(以下NSS)出身であることを考慮し,最終的に前哨基地に派遣された.本人もこれに異議はない.","戦闘行動によるストレスに一定の耐性があり,任務を完遂できる.",良,"相対的に高い遂行能力があり,チーム戦では予想外の貢献ができる.",良,"総合体力テスト中,各指標がすべて合格ラインにぴったり達している.",良,"制式装備を使用し,装備がかろうじて無事な状態で戦闘シミュレーションを完遂できる.",良,180;1,True,True,True,Dorm_30430_Hair,Dorm_30430_Face,Dorm_Girl_s1_white_Body
87,3048,30480,30480,30480;30481,3048001,10001,ウシュアイア,Ushuaia,アンナ・ベルン,???,澤田姫,???,2,17才,2/18,44,AB,167cm,70/62/88,85kg,2,5,6,3,絵本,"画画,打游戏",???,"該当個体はシンクロ後,元の限界を大幅に突破し,極めて短時間で戦場を掃除し,自分の得意な戦場を構築することができる.防御を顧みない作戦で迅速に戦闘を終わらせることができるため,戦闘方式だけで言えば,どの探索隊にも入ることができる.だが戦闘意志とチームでの協調能力が非常に不安定であるため,本部は該当個体を前哨基地に駐留させ,主要戦力としては起用することはない.","多大なプレッシャーを直面する時,コントロールを失う可能性がある.",中,"他の隊員と協力する時,信頼度の高い後方支援を提供できる.",良,"総合体力テスト中,個別の指標で問題あり.シンクロ形態では極めて優秀な成績を収めている.",中,"複雑な作戦環境の対応能力に欠けるが,自身の得意分野を整理して,いち早く能力を発揮できる状況を作り出すことができる.",良,180;1,True,True,True,Dorm_30430_Hair,Dorm_30430_Face,Dorm_Girl_s1_white_Body
88,3049,30490,30490,30490,3049001,27001,マレルージュ,Marée Rouge,ケリー・ヤン,???,前田玲奈,???,2,17才,7/12,45,AB,161cm,70/62/88,85kg,2,5,6,3,ダイビング,"画画,打游戏",命を傷付けること,"該当個体は戦術意識が優れており,新型制式武装","戦意を高揚させ,揺るぎない意志で戦闘のプレッシャーに対抗できる.",良,チームワークの経験が豊富.チームメンバーの指導やサポートを得意とする.,優,"総合体力テスト中,平均的な成績を収めた.",良,"自身の強みを発揮し,装備を使用して命令を完遂できる.",優,180;1,True,True,True,Dorm_30430_Hair,Dorm_30430_Face,Dorm_Girl_s1_white_Body
89,3050,30500,30500,30500,3050001,11004,コンロン・不朽,Kunlun.SP,ケリー・ヤン,???,長妻樹里,???,2,17才,10/7,11,A,167cm,70/62/88,85kg,2,5,24,3,拳法,"画画,打游戏",???,"該当個体は優れた能力を持ち,元の軽機動防御型武装から最新式の複合重型武装に変更した後は,よりその攻撃方面の才能を発揮出来るようになった.","戦闘行動によるストレスに一定の耐性があり,指定された戦闘の任務を完遂できる.",良,遂行能力が高い.他の隊員と協力して効率的に任務を完遂することができる.,優,"武装変更の後,総合体力テスト中,各指標で優秀な成績を収めた.",優,"多種の制式装備を使用し,迅速に戦闘シミュレーションを完遂できる.",優,180;1,True,True,True,Dorm_30430_Hair,Dorm_30430_Face,Dorm_Girl_s1_white_Body
90,4001,40010,40010,40010,4001001,2001,ハリケーン,Hurricane,イタ・メヘラ,綠綺,森樹里,???,2,17才,8/17,4,AB,172cm,70/62/88,85kg,3,6,9,4,"オレンジ,レモン(酸味甘味問わず)","画画,打游戏",???,"該当個体は戦闘技術が堅実で,戦闘スタイルは激しくも安定しており,大局を見渡すことができる.長期戦や突発的な状況への対応に適している.遂行能力が非常に強く,任務に対して一切の妥協を許さない.","戦闘行動によるストレスに極めて高い耐性があり,任務を完遂できる.",優,優れた指揮能力を持つ.戦場の状況に応じて合理的な配置ができる.,優,"総合体力テスト中,優秀な成績を収めた.",優,"各種戦闘装備に精通し,完璧に環境要因を利用して戦闘シミュレーションを完遂できる.",優,180;1,True,True,True,Dorm_40010_Hair,Dorm_40010_Face,Dorm_Girl_m1_white_Body
91,4002,40020,40020,40020,4002001,23001,トレード,Trade,アターイ・アンカ,???,拝師みほ,???,2,17才,2/5,1,AB,162cm,70/62/88,85kg,1,1,21,4,黄金,"画画,打游戏",???,"該当個体の全体的な素質はバランスが取れており,戦闘スタイルは柔軟で,他の隊員とスムーズに連携が取れる.趣味が広いため,集団に打ち解けやすく,冗談を言うのが好きな面もある.注意すべき点として,該当個体は約束を非常に重要視する傾向があり,一度約束したことは必ず達成しようとする.そのため,彼女と約束をする場合は,内容は互いに達成しうる範囲に留めることが推奨される.","戦闘行動によるストレスに一定の耐性があり,命令を完遂できる.",良,遂行能力が高い.味方と協力して効率的に戦闘任務を完遂できる.,良,"総合体力テスト中,個別の指標で問題あり.作戦行動に外骨格の使用が推奨されている.",中,"制式装備を使用し,戦闘シミュレーションを完遂できる.",良,180;1,True,True,True,Dorm_40020_Hair,Dorm_40020_Face,Dorm_Girl_m1_white_Body
92,4003,40030,40030,40030,4003001,4001,フロースト,Frost,ヴェロニカ・D・パーリン,兔七,吉岡麻耶,???,2,17才,11/23,1,B,161cm,70/62/88,85kg,2,1,1,4,アイスクリームコーン,"画画,打游戏",???,"該当個体の能力はバランスが取れており,戦場での機動性が高く,作戦命令に忠実である.長期戦において,戦略的なポイントでの支援や補完に対応することに適している.ただし,性格がやや内向的であり,過度に厳しい戦場では判断力を失うことが確認されている.該当個体の配置に常に注意を払い,適切に作戦命令を出すことで,該当個体が困惑状態に陥るのを防ぐことが推奨される.","極めて過酷な作戦条件下で,判断能力を失う状況が確認されている.",中,遂行能力が高い.味方と協力して効率的に戦闘任務を完遂できる.,良,"総合体力テスト中,各指標がすべて合格ラインに達している.",良,"制式装備を使用し,戦闘シミュレーションを完遂できる.",良,180;1,True,True,True,Dorm_40030_Hair,Dorm_40030_Face,Dorm_Girl_m1_white_Body
93,4004,40040,40040,40040,4004001,29003,プロミネンス,Prominence,シャーロット・S・パーリン,???,本郷里実,???,2,17才,11/23,10,B,161cm,70/62/88,85kg,3,3,3,4,怪談,"画画,打游戏",???,"該当個体の戦闘能力はバランスが取れており,戦場での機動性が突出している.作戦命令を厳守でき,長期戦において戦略的な緊張点での支援や補完に適している.","戦闘行動によるストレスに極めて高い耐性があり,任務を完遂できる.",優,遂行能力が高い.味方と協力して効率的に戦闘任務を完遂できる.,良,"総合体力テスト中,優秀な成績を収めた.",優,"制式装備を使用し,戦闘シミュレーションを完遂できる.",良,180;1,True,True,True,Dorm_40040_Hair,Dorm_40040_Face,Dorm_Girl_m1_white_Body
94,4005,40050,40050,40050,4005001,12002,ボルテックス,Vortex,ジュシア・ジュスピオン,王雲行,新川愛実,???,2,17才,5/31,5,AB,151cm,70/62/88,85kg,1,4,6,4,童話,"画画,打游戏",???,"該当個体の戦闘スタイルは自由奔放であり,火力が強く,機動力に優れた気象武装に適している.反面,防御力が相対的に低いため,長期戦への投入は推奨されない.精神状態が不安定なため,不必要な損傷を避けるためにも,直属の隊長や同隊の隊員は常に該当個体の動向に注意を払う必要がある.","戦闘行動によるストレスに一定の耐性があり,命令を完遂できる.",良,"特定な隊員とのみ,協力して戦闘任務を完遂できる.",中,"総合体力テスト中,各指標がすべて合格ラインに達している.",良,"各種戦闘装備に精通しているが,戦闘装備の損壊率がやや高い.",良,180;1,True,True,True,Dorm_40050_Hair,Dorm_40050_Face,Dorm_Girl_s1_white_Body
95,4006,40060,40060,40060,4006001,22001,ミスト,Mist,クラーク・カーランツ,???,鈴木智子,???,2,17才,4/4,8,A,163cm,70/62/88,85kg,2,5,21,4,ナイチンタウン,"画画,打游戏",???,"該当個体は戦闘能力が優れており,十分な戦場指揮能力を持ち,実戦で示される戦闘意志も非常に際立っているため,重要な作戦目標を単独で遂行することができる.ただし,集団行動における協調性に改善の余地があり,今後の成長に期待する.","極めて過酷な作戦条件下で,強い精神力を見せる.",優,一般的な協同作戦能力がある.,中,"総合体力テスト中,優秀な成績を収めた.",優,"制式装備を使用し,作戦指示を完遂できる.",良,180;1,True,True,True,Dorm_40060_Hair,Dorm_40060_Face,Dorm_Girl_m1_white_Body
96,4007,40070,40070,40070,4007001,23001,サンダー,Thunder,モイラ・アダムス,???,合田明日佳,???,2,17才,3/15,4,A,154cm,70/62/88,85kg,3,6,6,4,"お金を使う,ネットショッピング","画画,打游戏",???,"該当個体は優れた戦闘能力を持ち,様々な任務を遂行できるが,任務中に複雑な指示を与えたり,突然の任務追加を行うことは避けるべきである.これらの状況では,戦闘意欲が大幅に低下する可能性がある.","状況が複雑な任務に対し,消極的な対処が確認されている.",中,"優れた協調戦闘能力を持つが,稀に指揮体制から離脱する行動が確認されている.",良,"総合体力テスト中,各指標がすべて合格ラインに達している.",良,"制式装備を使用し,戦闘シミュレーションを完遂できる.",良,180;1,True,True,True,Dorm_40070_Hair,Dorm_40070_Face,Dorm_Girl_m1_white_Body
97,4008,40080,40080,40080,4008001,12001,キュムロ,,プラカ,???,???,???,2,17才,2/5,1,AB,158cm,70/62/88,85kg,1,1,1,4,???,"画画,打游戏",???,???,???,優,???,優,???,優,???,優,180;1,False,True,False,Dorm_40080_Hair,Dorm_40080_Face,Dorm_Girl_m1_white_Body
98,4009,40090,40090,40090,4009001,12001,ビロウ,Billows,ロクサーヌ・B・デフォー,???,???,???,2,17才,2/5,1,AB,158cm,70/62/88,85kg,2,1,1,4,???,"画画,打游戏",???,???,???,優,???,優,???,優,???,優,180;1,False,True,False,Dorm_40090_Hair,Dorm_40090_Face,Dorm_Girl_m1_white_Body
99,4010,40100,40100,40100,4010001,12001,ポラリス,Polaris,ファニー・ヒル,???,佳穗成美,???,2,17才,2/5,1,AB,158cm,70/62/88,85kg,3,3,1,4,???,"画画,打游戏",???,???,???,優,???,優,???,優,???,優,180;1,False,True,False,Dorm_40100_Hair,Dorm_40100_Face,Dorm_Girl_m1_white_Body
100,4011,40110,40110,40110,4011001,12001,フレア,Solar Flare,新井田泉,???,???,???,2,17才,2/5,1,AB,158cm,70/62/88,85kg,1,4,1,4,???,"画画,打游戏",???,???,???,優,???,優,???,優,???,優,180;1,False,True,False,Dorm_40110_Hair,Dorm_40110_Face,Dorm_Girl_m1_white_Body
101,4012,40120,40120,40120,4012001,29002,ヘイル,HAIL,ベティ・レイド,???,,???,2,17才,5/28,4,A,157cm,70/62/88,85kg,2,5,6,4,アイスクリーム,"画画,打游戏",???,"該当個体は高空戦闘員であり,空中部隊の新人として大きな成長の余地がある.戦闘記録によると,細やかな戦闘操作ができ,目標に対して精密な打撃を行うことができる.また,忍耐力が強く,遂行能力にも優れている.","戦闘行動によるストレスに一定の耐性があり,命令を完遂できる.",良,遂行能力が高い.味方と協力して効率的に戦闘任務を完遂できる.,良,"総合体力テスト中,個別の指標で問題あり.作戦行動に外骨格の使用が推奨されている.",中,"制式装備を使用し,戦闘シミュレーションを完遂できる.",良,180;1,True,True,True,Dorm_40120_Hair,Dorm_40120_Face,Dorm_Girl_m1_white_Body
102,4013,40130,40130,40130,4013001,15001,ブリザード,,ガイル・エヴァンス,???,???,???,2,17才,2/5,1,AB,158cm,70/62/88,85kg,3,6,1,4,???,"画画,打游戏",???,???,???,優,???,優,???,優,???,優,180;1,False,True,False,Dorm_40130_Hair,Dorm_40130_Face,Dorm_Girl_m1_white_Body
103,4014,40140,40140,40140,4014001,2001,レイズ,Rays,堺井零,???,,???,2,17才,10/17,11,O,167cm,70/62/88,85kg,1,1,10,4,クリーム入りチョコレート,"画画,打游戏",???,"該当個体の戦闘能力評価は高く,持続戦闘に長けている.過去に砕星クリーチャーと48時間連続で戦闘を行った記録がある.楽観的で強靭な性格により,作戦強度がどれだけ上がっても,任務を完遂する方法を模索し続ける.","戦闘行動によるストレスに極めて高い耐性があり,任務を完遂できる.",優,遂行能力が高い.味方と協力して効率的に戦闘任務を完遂できる.,良,"総合体力テスト中,優秀な成績を収めた.",優,"制式装備を使用し,戦闘シミュレーションを完遂できる.",良,180;1,True,True,True,Dorm_40140_Hair,Dorm_40140_Face,Dorm_Girl_m1_white_Body
104,4015,40150,40150,40150,4015001,14001,レインボー,Rainbow,ミランダ・オットー,???,西奈美紀,???,2,17才,1/23,1,AB,173cm,70/62/88,85kg,2,1,1,4,虹,"画画,打游戏",???,"該当個体の総合戦闘能力は平均的であり,戦闘経験が乏しく,肉体強度は平均以下である.しかし,短期的な機人適合性テストにおいて,その戦闘指数の成長性は平均を上回っている.また,該当個体は強い意志と確固たる信念を持ち,戦闘における潜在能力が高い.","戦闘行動によるストレスに一定の耐性があり,命令を完遂できる.",良,遂行能力が高い.味方と協力して効率的に戦闘任務を完遂できる.,良,"総合体力テスト中,個別の指標で問題あり.作戦行動に外骨格の使用が推奨されている.",中,"制式装備を使用し,戦闘シミュレーションを完遂できる.",良,180;1,True,True,True,Dorm_40150_Hair,Dorm_40150_Face,Dorm_Girl_m1_white_Body
105,4016,40160,40160,40160,4016001,15001,エオリア,,新井田泉,???,???,???,2,17才,2/5,1,AB,158cm,70/62/88,85kg,3,3,1,4,???,"画画,打游戏",???,???,???,優,???,優,???,優,???,優,180;1,False,True,False,Dorm_40160_Hair,Dorm_40160_Face,Dorm_Girl_m1_white_Body
106,4017,40170,40170,40170,4017001,15001,ライトニング,Lightning,カヤ・ダリオ,???,,???,2,17才,2/5,1,AB,158cm,70/62/88,85kg,1,4,1,4,???,"画画,打游戏",???,???,???,優,???,優,???,優,???,優,180;1,False,True,False,Dorm_40170_Hair,Dorm_40170_Face,Dorm_Girl_m1_white_Body
107,4018,40180,40180,40180,4018001,15001,スノウ,Snow,イェティ・ネスボ,???,???,???,2,17才,2/5,1,AB,158cm,70/62/88,85kg,2,5,1,4,???,"画画,打游戏",???,???,???,優,???,優,???,優,???,優,180;1,False,True,False,Dorm_40180_Hair,Dorm_40180_Face,Dorm_Girl_m1_white_Body
108,4019,40190,40190,40190,4019001,23002,オーロラ,Aurora,イライザ・A・レスリー,???,三宅麻理恵,???,2,17才,3/13,8,B,172cm,70/62/88,85kg,3,6,6,4,"恋愛小説,コーヒー","画画,打游戏",???,"該当個体は戦闘経験が豊富であるが,重度の妄想癖があり,物事を恋愛的に推測する傾向がある.加えてうわさ話を過度に好み,他人の人間関係について多くの推測を行い,仲間を困らせることが多く確認されている.","極めて過酷な作戦条件下で,リスクの低い案で作戦を完遂を目指す行動が確認されている.",中,遂行能力が高い.味方と協力して効率的に戦闘任務を完遂できる.,良,"総合体力テスト中,個別の指標で問題あり.作戦行動に外骨格の使用が推奨されている.",中,"制式装備を使用し,戦闘シミュレーションを完遂できる.",良,180;1,True,True,True,Dorm_40190_Hair,Dorm_40190_Face,Dorm_Girl_m1_white_Body
109,4020,40200,40200,40200,4020001,4002,クリムゾンフォグ,Crimson Fog,リリス・クラウディ,???,真中桂子,???,2,17才,6/14,5,AB,160cm,70/62/88,85kg,1,1,6,4,化粧品,"画画,打游戏",???,"該当個体は新型武装への適応能力が突出しており,敵陣への強襲を得意とし,他の隊員に有利な状況を作り出すことができる.ただし,戦闘意欲が低いため,武装の損傷が安全値に近づくとすぐに戦場を離脱する傾向がある.","極めて過酷な作戦条件下で,リスクの低い案で作戦を完遂を目指す行動が確認されている.",中,遂行能力が高い.味方と協力して効率的に戦闘任務を完遂できる.,良,"総合体力テスト中,個別の指標で問題あり.作戦行動に外骨格の使用が推奨されている.",中,"各種戦闘装備に精通し,完璧に環境要因を利用して戦闘シミュレーションを完遂できる.",優,180;1,True,True,True,Dorm_40200_Hair,Dorm_40200_Face,Dorm_Girl_m1_white_Body
110,4021,40210,40210,40210,4021001,15005,デザート,Desert,ローバ・オマリー,???,飯田友子,???,2,17才,6/14,25,AB,154cm,70/62/88,85kg,2,1,15,4,綺麗な水,"画画,打游戏",???,"該当個体の装備はすべて高機動戦向けに設計されており,軽量化された外骨格は優れた運動性能を実現している.また,即断即決の判断力と孤立した性格により,追撃戦で大きな役割を果たすことができる.","ストレスに高い耐性があり,任務を完遂できる.",優,遂行能力が高い.味方と協力して効率的に戦闘任務を完遂できる.,良,"総合体力テスト中,各指標がすべて合格ラインに達している.",良,"制式装備を使用し,戦闘シミュレーションを完遂できる.",良,180;1,True,True,True,Dorm_40210_Hair,Dorm_40210_Face,Dorm_Girl_s1_black_Body
111,4022,40220,40220,40220,4022001,14001,ラピッズ,Rapids,マリー・キャメロン,???,,???,2,17才,6/15,38,A,157cm,70/62/88,85kg,3,3,12,4,サーフィン,"画画,打游戏",???,"該当個体は身体能力が突出しており,チャレンジ精神が旺盛である.各種データを見てもエリート隊員の水準に達しているが,その強い競争心と自己顕示欲により,作戦遂行に影響を及ぼすことがある.また,配備されている動力装置はまだテスト段階にあるため,詳細な評価を行った上で,適切な作戦任務を割り当てることが推奨される.","戦闘行動によるストレスに極めて高い耐性があり,任務を完遂できる.",優,"一般的な協調戦闘能力を持つ,単独行動を好む.",中,"総合体力テスト中,サーフィン競技の専門家として優秀な成績を収めた.",優,"制式装備を使用し,戦闘シミュレーションを完遂できる.",良,180;1,True,True,True,Dorm_40220_Hair,Dorm_40220_Face,Dorm_Girl_s1_white_Body
112,4023,40230,40230,40230,4023001,26005,スコーチング,Scorching,エリナ・アガニ,???,笹本菜津枝,???,2,17才,12/14,56,AB,163cm,70/62/88,85kg,1,4,6,4,理念を行動で示す,"画画,打游戏",???,"該当個体は極めて強力な火力と機動能力を備えており,戦場において火力制圧と前線支援の任務を遂行できる.性格的には純粋な行動派で,冷静かつ鋭敏に行動し,言葉は簡潔で,発砲は迅速かつ断固としている.総合評価として──戦闘において重要な任務を任せることができる.","戦闘行動によるストレスに一定の耐性があり,命令を完遂できる.",良,遂行能力が高い.味方と協力して効率的に戦闘任務を完遂できる.,良,"総合体力テスト中,優秀な成績を収めた.",優,"制式装備を使用し,戦闘シミュレーションを完遂できる.",良,180;1,True,True,True,Dorm_40230_Hair,Dorm_40230_Face,Dorm_Girl_m1_white_Body
113,4029,40290,40290,40290,4029001,1001,レイン,Rain,エリー・グッソーニ,西老師,小浜唯夏,???,2,17才,7/12,25,O,145cm,70/62/88,85kg,2,5,6,4,風車,"画画,打游戏",???,"該当個体の攻撃能力は,気象武装を使用する隊員の中では突出していないが,真面目で慎重な性格により,シミュレーション訓練や実戦で安定した成績を収めている.また,武装のメンテナンス知識を持ち,優れた持久力と気象武装の機動性を組み合わせることで,長期的な作戦支援を提供できる.","極めて過酷な作戦条件下で,リスクの低い案で作戦を完遂を目指す行動が確認されている.",中,遂行能力が高い.味方と協力して効率的に戦闘任務を完遂できる.,良,"総合体力テスト中,個別の指標で問題あり.作戦行動に外骨格の使用が推奨されている.",中,"各種戦闘装備に精通し,高度な装備メンテナンスが行える.",優,180;1,True,True,True,Dorm_40290_Hair,Dorm_40290_Face,Dorm_Girl_s1_white_Body
114,4031,40310,40310,40310,4031001,10001,ノクティルーセント,Noctilucent,クロエ・ステート,馮曉萌,森樹里,???,2,17才,7/19,8,B,163cm,70/62/88,85kg,3,6,17,4,星図の作成,"画画,打游戏",???,"該当個体の戦闘能力には特筆すべき点はなく,戦闘意欲がやや低い.反面,チーム内の調整能力に優れており,宇宙作戦の遂行経験が豊富で,様々なサポート装備に精通している.また,機体ネビュラとの適合性が非常に高いため,作戦遂行速度を最大化するために,補助・後方支援要員として戦場に投入することが推奨される.","極めて過酷な作戦条件下で,リスクの低い案で作戦を完遂を目指す行動が確認されている.",中,遂行能力が高い.味方と協力して効率的に戦闘任務を完遂できる.,良,"総合体力テスト中,各指標がすべて合格ラインに達している.",良,"各種戦闘装備に精通し,完璧に環境要因を利用して戦闘シミュレーションを完遂できる.",優,180;1,True,True,True,Dorm_40310_Hair,Dorm_40310_Face,Dorm_Girl_b1_white_Body
115,4032,40320,40320,40320,4032001,29001,バブル,Bubble,ポール・ポプター,???,,???,2,17才,4/15,25,O,152cm,70/62/88,85kg,1,1,6,4,賑やかし,"画画,打游戏",???,"該当個体は戦闘において稀に見る才能を持ち,戦闘能力は突出している.ただし,その性格に起因する自由すぎる行動により,実戦やシミュレーション戦闘での成績は平均的であり,指示に従って実力を発揮することは極めて稀である.該当個体に対する指導方針については,現時点で明確な提案はなく,総隊長であるあなたの腕に期待されている.",如何なる状況下でも戦意を失わない.,優,"他の隊員と効率的に協力し,戦闘任務を完遂できるが,指揮から外れる行動が多く確認されている.",中,"総合体力テスト中,各指標がすべて合格ラインに達している.",良,"戦闘装備を適切に使用し,命令を完遂できる.",良,180;1,True,True,True,Dorm_40320_Hair,Dorm_40320_Face,Dorm_Girl_m1_white_Body
116,4035,40350,40350,40350,4035001,30001,メテオ,Meteor,???,脹脹,國松沙矢香,???,2,17才,7/1,5,A,153cm,70/62/88,85kg,2,1,17,4,射撃競技,"画画,打游戏",???,"該当個体は戦闘において優れた才能を持っている.出身により,体系的な戦闘訓練を受けたことがなく,武器の使用やチーム単位での戦闘に不慣れな部分がある.しかし,鋭い戦闘嗅覚を持ち,戦場で一瞬のチャンスを捉えることができる.使用する大規模エネルギー武器と相まって,戦局を打開する鍵となることが多い.","戦闘行動によるストレスに一定の耐性があり,命令を完遂できる.",良,"独特な戦術や戦略思考を持つが,単独行動を好む.",良,"総合体力テスト中,優秀な成績を収めた.",優,"各種戦闘装備に精通し,戦闘シミュレーションを完遂できる.",良,180;1,True,True,True,Dorm_40350_Hair,Dorm_40350_Face,Dorm_Girl_b1_white_Body
117,4040,40400,40400,40400,4040001,15005,コラプサー,Collapsar,???,兔七,宮元悠里,???,2,17才,4/1,29,O,156cm,70/62/88,85kg,3,3,6,4,物資を蓄える,"画画,打游戏",???,"該当個体は優れた戦闘能力を持ち,戦場における機動力が突出しており,特に宇宙戦闘での優位性が顕著である.特殊な訓練を経て,命令への服従性とチーム内の調整能力が向上し,出撃基準を満たしている.近い将来,該当個体が優れた探索隊員になると期待されている.","戦闘行動によるストレスに一定の耐性があり,命令を完遂できる.",良,"独特な戦術や戦略思考を持つが,単独行動を好む.",良,"総合体力テスト中,各指標がすべて合格ラインに達している.",良,"各種戦闘装備に精通し,戦闘シミュレーションを完遂できる.",良,180;1,True,True,True,Dorm_40400_Hair,Dorm_40400_Face,Dorm_Girl_b1_white_Body
118,5001,50010,50010,50010;50011,5001001,30001,クイーンビー,Queenbee,ヴィクトリア・ウィンスロー,王雲行,織部はるか,???,2,17才,5/19,9,O,155cm,70/62/88,85kg,1,4,11,5,"AI,ビデオゲーム","画画,打游戏",???,"該当個体は極めて高い戦闘才能を持ち,特定の戦闘スタイルを持たない.","戦闘行動によるストレスに極めて高い耐性があり,任務を完遂できる.",優,優れた指揮能力を持つ.戦場の状況に応じて合理的な配置ができる.,優,"総合体力テスト中,各指標がすべて合格ラインに達している.",良,ハイリスクな戦闘方法を行うことが時折確認されている.,良,180;1,True,True,True,Dorm_50010_Hair,Dorm_50010_Face,Dorm_Girl_s1_white_Body
119,5002,50020,50020,50020,5002001,27001,ビーソーン,Beethorn,相澤惠子,???,篠原侑,???,2,17才,12/28,9,A,155cm,70/62/88,85kg,2,5,6,5,ウイルスプログラムの作成,"画画,打游戏",???,"該当個体は戦闘において比較的高い才能を持ち,独自の戦闘スタイルを持つだけでなく,電子戦にも精通している.敵の武装を無力化し,ドローンを操作して広範囲の敵にダメージを与えることができる.ただし,戦場ではドローンの操作に集中する必要があるため,防御と回避能力がやや低い.該当個体からより全面的な支援を受けるために,チームの後方に配置することが推奨される.","戦闘行動によるストレスに極めて高い耐性があり,任務を完遂できる.",優,"独特な戦術や戦略思考を持つが,単独行動を好む.",良,"総合体力テスト中,個別の指標で問題あり.作戦行動に外骨格の使用が推奨されている.",中,"各種戦闘装備に精通し,完璧に環境要因を利用して戦闘シミュレーションを完遂できる.",優,180;1,True,True,True,Dorm_50020_Hair,Dorm_50020_Face,Dorm_Girl_m1_white_Body
120,5003,50030,50030,50030,5003001,15004,スティンガー,Stinger,キャリー・グランジャー,???,若佐なつみ,???,2,17才,2/24,9,B,166cm,70/62/88,85kg,3,6,12,5,計画を立てる,"画画,打游戏",???,"該当個体はNOVA物質による身体強化を受けており,優れた戦闘能力を有し,一定の電子戦技術を習得している.戦闘記録によれば,非常に厳しい戦闘環境に直面しても,高い戦闘意識を維持できることが確認されている.","戦闘行動によるストレスに極めて高い耐性があり,任務を完遂できる.",優,遂行能力が高い.味方と協力して効率的に戦闘任務を完遂できる.,良,"総合体力テスト中,優秀な成績を収めた.",優,"制式装備を使用し,戦闘シミュレーションを完遂できる.",良,180;1,True,True,True,Dorm_50030_Hair,Dorm_50030_Face,Dorm_Girl_s1_black_Body
121,5004,50040,50040,50040;50041,5004001,24002,シルバーフェザー,Silver Feather,クレア・ブレイン,九玦,悠月春乃,???,2,17才,1/1,12,AB,162cm,70/62/88,85kg,1,1,1,5,ユニークなもの,"画画,打游戏",???,"該当個体は能力においてバランスの取れた隊員であり,優れた攻撃能力と機動性を持つ.支援や協同作戦任務の遂行に適しており,戦術的指揮や武装メンテナンスの経験も一定以上ある.様々な戦場に対応できる能力を持つが,唯一注意すべき点は,自身を","戦闘行動によるストレスに極めて高い耐性があり,任務を完遂できる.",優,遂行能力が高い.味方と協力して効率的に戦闘任務を完遂できる.,良,"総合体力テスト中,各指標がすべて合格ラインに達している.",良,"制式装備を使用し,戦闘シミュレーションを完遂できる.",良,180;1,True,True,True,Dorm_50040_Hair,Dorm_50040_Face,Dorm_Girl_m1_white_Body
122,5005,50050,50050,50050,5005001,10001,スカラベ,Scarab,ファー・テイゼー,???,???,???,2,17才,2/5,1,AB,158cm,70/62/88,85kg,2,1,1,5,???,"画画,打游戏",???,???,???,優,???,優,???,優,???,優,180;1,False,True,False,Dorm_50050_Hair,Dorm_50050_Face,Dorm_Girl_m1_white_Body
123,5006,50060,50060,50060,5006001,24001,アトロファネウラ,Atrophaneura,桜庭遥,???,小林南美,???,2,17才,6/6,11,B,155cm,70/62/88,85kg,3,3,6,5,いちごケーキ,"画画,打游戏",???,"該当個体は特殊戦術部隊に所属しており,緊急回復および武装の修復能力を持つ.機動力が特に強化されており,支援効率の向上と医療隊員の安全確保に貢献している.高性能ドローンを装備しており,攻撃と修復の両方の機能を兼ね備えているため,様々な戦闘状況に迅速に適応し,味方に迅速な医療支援を提供できる.","戦闘行動によるストレスに一定の耐性があり,命令を完遂できる.",良,遂行能力が高い.味方と協力して効率的に戦闘任務を完遂できる.,良,"総合体力テスト中,各指標がすべて合格ラインに達している.",良,"制式装備を使用し,戦闘シミュレーションを完遂できる.",良,180;1,True,True,True,Dorm_50060_Hair,Dorm_50060_Face,Dorm_Girl_s1_white_Body
124,5007,50070,50070,50070,5007001,10001,ディナステス,,デボラ・ミラー,???,???,???,2,17才,2/5,1,AB,158cm,70/62/88,85kg,1,4,1,5,???,"画画,打游戏",???,???,???,優,???,優,???,優,???,優,180;1,False,True,False,Dorm_50070_Hair,Dorm_50070_Face,Dorm_Girl_m1_white_Body
125,5008,50080,50080,50080,5008001,14001,サンドフライ,Sandfly,ドミノ・マスク,杏林兒,緒方佑奈,???,2,17才,9/3,5,AB,177cm,70/62/88,85kg,2,5,6,5,他人の世話,"画画,打游戏",???,"該当個体は特殊戦術部隊の一員であり,擬虫武装に回復治療能力が追加されている.ドローンを用いた緊急回復に優れており,高強度の持続戦闘が求められる戦局で,しばしば奇跡的な効果を発揮する.","極めて過酷な作戦条件下で,リスクの低い案で作戦を完遂を目指す行動が確認されている.",中,"優れた指揮能力を持つが,他の隊員に合わせること好む.",良,"総合体力テスト中,優秀な成績を収めた.",優,"制式装備を使用し,戦闘シミュレーションを完遂できる.",良,180;1,True,True,True,Dorm_50080_Hair,Dorm_50080_Face,Dorm_Girl_b1_white_Body
126,5009,50090,50090,50090,5009001,10001,トミシダエ,,ラフター・ダーウェント,???,???,???,2,17才,2/5,1,AB,158cm,70/62/88,85kg,3,6,1,5,???,"画画,打游戏",???,???,???,優,???,優,???,優,???,優,180;1,False,True,False,Dorm_50090_Hair,Dorm_50090_Face,Dorm_Girl_m1_white_Body
127,5010,50100,50100,50100,5010001,4003,ヘリコニウス,Heliconius,夜月楓,???,,???,2,17才,2/18,8,A,163cm,70/62/88,85kg,1,1,6,5,Tockyクッキー,"画画,打游戏",???,"該当個体の戦闘能力はバランスが取れており,シミュレーション訓練での評価も非常に高い.体力が十分にあり,武器適性も良好である.ただし,軍人や傭兵といった戦闘員の出身ではないため,戦闘に対する使命感がそれほど強くない.厳しい状況に直面した際には,リスクの少ない方法を選ぶ傾向が確認されている.","極めて過酷な作戦条件下で,リスクの低い案で作戦を完遂を目指す行動が確認されている.",中,遂行能力が高い.味方と協力して効率的に戦闘任務を完遂できる.,良,"総合体力テスト中,優秀な成績を収めた.",優,"制式装備を使用し,戦闘シミュレーションを完遂できる.",良,180;1,True,True,True,Dorm_50100_Hair,Dorm_50100_Face,Dorm_Girl_m1_white_Body
128,5011,50110,50110,50110,5011001,10001,ルシオラ,Lucciola,草薙晴子,???,???,???,2,17才,2/5,1,AB,158cm,70/62/88,85kg,2,1,1,5,???,"画画,打游戏",???,???,???,優,???,優,???,優,???,優,180;1,False,True,False,Dorm_50110_Hair,Dorm_50110_Face,Dorm_Girl_m1_white_Body
129,5012,50120,50120,50120,5012001,10001,スケイズレックス,Swordhorn,オリビア・アジャーニ,???,???,???,2,17才,2/5,1,AB,158cm,70/62/88,85kg,3,3,1,5,???,"画画,打游戏",???,???,???,優,???,優,???,優,???,優,180;1,False,True,False,Dorm_50120_Hair,Dorm_50120_Face,Dorm_Girl_m1_white_Body
130,5013,50130,50130,50130,5013001,24002,モルフィ,Morphidae,望月菫,???,三村すみか,???,2,17才,12/12,11,A,166cm,70/62/88,85kg,1,4,6,5,おにぎり,"画画,打游戏",???,"該当個体は特殊な戦術隊員であり,高周波の閃光で敵の行動を妨害することができる.戦闘能力はバランスが取れており,上空打撃と高速移動を得意とし,開けた地形ではその武装能力を最大限に発揮する.火力抑制や妨害作戦の任務において,極めて高い遂行速度を誇る.","戦闘行動によるストレスに極めて高い耐性があり,任務を完遂できる.",優,遂行能力が高い.味方と協力して効率的に戦闘任務を完遂できる.,良,"総合体力テスト中,各指標がすべて合格ラインに達している.",良,"制式装備を使用し,戦闘シミュレーションを完遂できる.",良,180;1,True,True,True,Dorm_50130_Hair,Dorm_50130_Face,Dorm_Girl_m1_white_Body
131,5014,50140,50140,50140,5014001,26004,ワスプ,Wasp,ノラ・ゼノ,???,武田羅梨沙多胡,???,2,17才,12/16,5,A,148cm,70/62/88,85kg,2,5,6,5,命令に従う,"画画,打游戏",???,"該当個体の戦闘スタイルは堅実であり,遂行能力が非常に強く,作戦命令に忠実である.ただし,自己判断が求められる場面では躊躇する傾向があるため,作戦中は常に指示できる状況を確保することが推奨される.","戦闘行動によるストレスに一定の耐性があり,命令を完遂できる.",良,遂行能力が高い.味方と協力して効率的に戦闘任務を完遂できる.,良,"総合体力テスト中,各指標がすべて合格ラインに達している.",良,"制式装備を使用し,戦闘シミュレーションを完遂できる.",良,180;1,True,True,True,Dorm_50140_Hair,Dorm_50140_Face,Dorm_Girl_s1_white_Body
132,5015,50150,50150,50150,5015001,10001,ブラックウィドウ,,ナターシャ・ペトロヴィッチ,???,???,???,2,17才,2/5,1,AB,158cm,70/62/88,85kg,3,6,1,5,???,"画画,打游戏",???,???,???,優,???,優,???,優,???,優,180;1,False,True,False,Dorm_50150_Hair,Dorm_50150_Face,Dorm_Girl_m1_white_Body
133,5016,50160,50160,50160,5016001,10001,スコーピオン,,ハビエル・リッキ,???,???,???,2,17才,2/5,1,AB,158cm,70/62/88,85kg,1,1,1,5,???,"画画,打游戏",???,???,???,優,???,優,???,優,???,優,180;1,False,True,False,Dorm_50160_Hair,Dorm_50160_Face,Dorm_Girl_m1_white_Body
134,5017,50170,50170,50170,5017001,10001,ムーンモス,,パンドラ・リーン,???,???,???,2,17才,2/5,1,AB,158cm,70/62/88,85kg,2,1,1,5,???,"画画,打游戏",???,???,???,優,???,優,???,優,???,優,180;1,False,True,False,Dorm_50170_Hair,Dorm_50170_Face,Dorm_Girl_m1_white_Body
135,5018,50180,50180,50180,5018001,15006,オドナタ,Odonata,デビー・マナ,???,村田知沙,???,2,17才,9/19,5,B,167cm,70/62/88,85kg,3,3,3,5,占い,"画画,打游戏",過度に運命を追求すること,"該当個体は全体的にバランスが取れており,様々な戦場に適応できる.シミュレーション訓練および実戦データによると,どのような状況に直面しても冷静な精神状態を保てるが,やる気が相対的に不足している.戦闘中には適切な指導と激励を行うことが推奨され,占いに最終決断が影響されないよう注意する必要がある.","極めて過酷な作戦条件下で,リスクの低い案で作戦を完遂を目指す行動が確認されている.",中,遂行能力が高い.味方と協力して効率的に戦闘任務を完遂できる.,良,"総合体力テスト中,各指標がすべて合格ラインに達している.",良,"制式装備を使用し,戦闘シミュレーションを完遂できる.",良,180;1,True,True,True,Dorm_50180_Hair,Dorm_50180_Face,Dorm_Girl_s1_white_Body
136,5019,50190,50190,50190,5019001,4001,プリシカ,Psilica,???,???,梛木侑子,???,2,17才,11/19,4,AB,168cm,70/62/88,85kg,1,4,6,5,空き缶,"画画,打游戏",???,"該当個体の総合戦闘能力は極めて高い.過去の戦闘記録によると,攻城戦や殲滅戦で驚異的なパフォーマンスを発揮している.しかし,性格上,命令に完全に従うことは稀であり,他者との協調戦闘が困難なため,派遣する際には予備案を用意することが推奨される.","戦闘行動によるストレスに一定の耐性があり,命令を完遂できる.",良,"独特な戦術や戦略思考を持つが,単独行動を好む.",良,"総合体力テスト中,優秀な成績を収めた.",優,ハイリスクな戦闘方法を行うことが頻繁に確認されている.,中,180;1,True,True,True,Dorm_50190_Hair,Dorm_50190_Face,Dorm_Girl_m1_white_Body
137,5022,50220,50220,50220,5022001,12001,ビートル,Beetle,マリアナ・ヴィーン,???,???,???,2,17才,2/5,1,AB,158cm,70/62/88,85kg,2,5,1,5,???,"画画,打游戏",???,???,???,優,???,優,???,優,???,優,180;1,False,False,False,Dorm_50220_Hair,Dorm_50220_Face,Dorm_Girl_m1_white_Body
138,5025,50250,50250,50250,5025001,26001,C.C.C.,CHALCOSOMA C.C.,ラフタ・カービィ,???,梨本ひおり,???,2,17才,9/19,23,B,176cm,70/62/88,85kg,3,6,6,5,噓,"画画,打游戏",???,"該当個体は超人的な体力を誇り,正常な状態下では高強度の戦闘を継続的に行うことができる.本部からは","戦闘行動によるストレスに高い耐性があり,戦闘に勝利できる.",優,味方と協調戦闘が行えない.単独による任務遂行に適している.,中,"総合体力テスト中,優秀な成績を収めた.",優,"特殊な装備を使用し,戦闘シミュレーションを完遂できる.",良,180;1,True,True,True,Dorm_50250_Hair,Dorm_50250_Face,Dorm_Girl_m1_white_Body
139,5026,50260,50260,50260,5026001,12001,G.G.G.,GOLIATUS G.G.,無し,???,井上歌奏子,???,2,17才,2/5,1,AB,158cm,70/62/88,85kg,1,1,1,5,???,"画画,打游戏",???,???,???,優,???,優,???,優,???,優,180;1,False,False,False,Dorm_50260_Hair,Dorm_50260_Face,Dorm_Girl_m1_white_Body
140,5028,50280,50280,50280,5028001,12001,ヴェナマス,,千葉熏,???,???,???,2,17才,2/5,1,AB,158cm,70/62/88,85kg,2,1,1,5,???,"画画,打游戏",???,???,???,優,???,優,???,優,???,優,180;1,False,True,False,Dorm_50280_Hair,Dorm_50280_Face,Dorm_Girl_m1_white_Body
141,5030,50300,50300,50300,5030001,26002,レドゥビア,Reduvia,マリア・パブロ,???,蓮沼楓,???,2,17才,6/26,4,A,161cm,70/62/88,85kg,2,1,6,5,民謡音楽,"画画,打游戏",???,"該当個体は優れた観察眼で,目まぐるしく変化する戦場の風向きを読み取り,敵にいち早く組織的且つ効果的なダメージを与えられる能力を持っている.それに加え,該当個体は卓越な戦場調達能力を有しており,劣勢の中で素早く小隊の再編成,作戦計画の調整などが行える.チーム構築の際は戦術中核として起用することが推奨される.","極めて冷静であり,揺るぎない意志で戦闘のプレッシャーに対抗できる.",良,"優秀な遂行能力があり,戦場の状況を洞察し,戦術の配置や指揮などの任務を遂行できる.",優,"総合体力テスト中,各指標がすべて合格ラインに達している.",良,個人所有の装備に精通している.,良,180;1,True,True,True,Dorm_50300_Hair,Dorm_50300_Face,Dorm_Girl_m1_white_Body
142,5031,50310,50310,50310,5031001,23001,オーキッド,Orchid,???,???,琴石ゆうひ,???,2,17才,12/7,49,O,161cm,70/62/88,85kg,2,1,6,5,物書き,"画画,打游戏",???,"該当個体は擬虫武装との相性が高く,隠密行動には先天的な才能がある.敵の攻撃を避けながら,周辺にトラップを仕掛けることで味方の火力貢献を果たせる.所有する武双は広範囲,高回数の火力集中攻撃が行えるため,敵の数が多い殲滅戦においては優先起用対象である.","ストレスに高い耐性があり,戦闘に勝利することができる.(一部異議あり)",優,遂行能力が高い.味方と協力して効率的に戦闘任務を完遂できる.,良,"総合体力テスト中,優秀な成績を収めており,潜在能力が高く評価されている.",優,ハイリスクな戦闘方法を行うことが時折確認されている.,良,180;1,True,True,True,Dorm_50310_Hair,Dorm_50310_Face,Dorm_Girl_m1_white_Body
143,5032,50320,50320,50320,5032001,10001,ハトリ,Salticidae,???,???,白石ゆきね,???,2,17才,9/7,43,AB,141cm,70/62/88,85kg,2,1,6,5,???,"画画,打游戏",???,"該当個体は非常に高い洞察力を持ち,戦場での敵の行動を正確に把握することができる.寸分の狂いもなく,すべてが彼女の掌にあるかのようである.該当個体にとって,敵の弱点を見つけて,集中攻撃することは難しいことではない.さらには,行動の誘導や多彩な妨害ができるため,派遣するのに最適な選択である.","作戦行動中,自主性に一定の問題あり.",中,味方と協力して戦闘任務を完遂できる.,良,"各指標がすべて合格ラインに達している.特にスピード,器用さの面が突出している.",良,"各種戦闘装備に精通し,完璧に環境要因を利用して戦闘シミュレーションを完遂できる.",優,180;1,True,True,True,Dorm_50320_Hair,Dorm_50320_Face,Dorm_Girl_m1_white_Body
144,6001,60010,60010,60010,6001001,2001,グラム,Gram,ジュリアン・D・ピスクラフト,???,中村悠一,???,1,17才,8/20,10,B,180cm,70/62/88,85kg,3,3,13,6,"各種冷兵器,戦利品","画画,打游戏",???,"該当個体は戦闘員としての欠点がない.各能力がすべてトップレベルであり,精神状態も非常に安定している.だが第一回探索の惨劇を経験しており,任務の遂行に犠牲が必要になる場面では他の隊員の命を優先的に考量するため,指示に反して危険な任務を単独で遂行する可能性に注意すること.","極めて過酷な作戦条件下で,単独でリスクを背負おうとする行動が確認されている.",優,"多数な状況下で,単独で任務の遂行を目指す行動が確認されている.",良,"総合体力テスト中,優秀な成績を収めた.",優,"各種戦闘装備に精通し,適切に使用することができる.",優,180;1,False,True,False,Dorm_60010_Hair,Dorm_60010_Face,Dorm_Boy_Body
145,6002,60020,60020,60020,6002001,14001,ジュワユース,Joyeuse,アスカヴィア・サリス,綠綺,加賀谷優,???,2,17才,12/11,24,A,171cm,70/62/88,85kg,1,4,14,6,"紅茶,ティーパーティー","画画,打游戏",???,"該当個体は防御戦に長けており,チームを効果的に統率して陣地を守り,敵の攻勢を阻止できる.性格は慎重であり,NERIカトモス支部設立初期からの戦闘要員である.地球防御部隊として砕星クリーチャーに対する抵抗作戦を続けてきた経験により,シミュレーション戦闘データを参照する必要はない.","極めて過酷な作戦条件下で,リスクの低い案で作戦を完遂を目指す行動が確認されている.",良,"独特な戦術や戦略思考を持つが,自身のチームを率いることを好む.",良,"総合体力テスト中,優秀な成績を収めた.",優,"制式装備を使用し,戦闘シミュレーションを完遂できる.",良,180;1,True,True,True,Dorm_60020_Hair,Dorm_60020_Face,Dorm_Girl_b1_white_Body
146,6003,60030,60030,60030,6003001,14001,デュランダル,Durandal,ケリー・ユージーン,兔七,伊藤さや香,???,2,17才,2/18,24,O,164cm,70/62/88,85kg,2,5,14,6,乗馬,"画画,打游戏",???,"該当個体は近接戦闘を得意とし,戦場では極めて冷静である.実戦データでは極めて高いパフォーマンスを誇り,特に攻城戦での活躍が突出している.NERIカトモス支部の要求に従い,ジュワユースとの協同作戦隊員として派遣されているため,単独での任務配属は推奨されない.","戦闘行動によるストレスに一定の耐性があり,命令を完遂できる.",良,遂行能力が高い.味方と協力して効率的に戦闘任務を完遂できる.,良,"総合体力テスト中,優秀な成績を収めた.",優,"制式装備を使用し,戦闘シミュレーションを完遂できる.",良,180;1,True,True,True,Dorm_60030_Hair,Dorm_60030_Face,Dorm_Girl_b1_white_Body
147,6004,60040,60040,60040,6004001,12001,ミョルニル,Mjolnir,カーター・アルフォンス,???,???,???,2,17才,2/5,1,AB,158cm,70/62/88,85kg,3,6,1,6,???,"画画,打游戏",???,???,???,優,???,優,???,優,???,優,180;1,False,True,False,Dorm_60040_Hair,Dorm_60040_Face,Dorm_Girl_m1_white_Body
148,6005,60050,60050,60050,6005001,30002,ナーゲルリング,Naglering,ゼクス・S・サングヴィス,???,大平あひる,???,2,17才,8/30,3,AB,154cm,70/62/88,85kg,1,1,14,6,"食事,戦闘","画画,打游戏",???,"該当個体は戦闘員として明確な欠点がなく,各評価指標において優秀であり,様々な環境での作戦に投入できる.しかし,戦闘時に他の隊員との連携が取れないため,チーム戦が必要な場面では予期せぬ事態に発展する可能性があるため,特別な注意が必要.",如何なる状況下でも戦意を失わない.,優,"優れた戦術的才能を持つが,単独行動を好む.",良,"総合体力テスト中,優秀な成績を収めた.",優,"得意な戦闘装備を使用し,命令を完遂できる.",良,180;1,True,True,True,Dorm_60050_Hair,Dorm_60050_Face,Dorm_Girl_m1_white_Body
149,6006,60060,60060,60060,6006001,14002,クサナギ,Kusanagi,香川升子,???,田中那実,???,2,17才,12/25,11,A,157cm,70/62/88,85kg,2,1,14,6,石集め,"画画,打游戏",???,"該当個体は戦闘員として明確な欠点がなく,各評価指標において優秀である.しかし,該当個体の作戦スタイルは大量のエネルギーを消費するため,NOVA物質やエネルギーが不足している戦場や長期戦においては,一定の影響がある可能性があることに注意する必要がある.","戦闘行動によるストレスに極めて高い耐性があり,任務を完遂できる.",優,遂行能力が高い.味方と協力して効率的に戦闘任務を完遂できる.,中,"総合体力テスト中,各指標がすべて合格ラインに達している.",良,"制式装備を使用し,戦闘シミュレーションを完遂できる.",良,180;1,True,True,True,Dorm_60060_Hair,Dorm_60060_Face,Dorm_Girl_s1_white_Body
150,6007,60070,60070,60070,6007001,3001,アルタキエラ,Altachiara,クロエ・ケープ,???,久住琳,???,2,17才,10/8,40,AB,150cm,70/62/88,85kg,3,3,15,6,武器の改造,"画画,打游戏",???,"該当個体は優れた戦闘技術を持ち,暴動鎮圧に精通している.所属する警備会社は,こちらと数度にわたり協力契約を結んでおり,主に武装輸送や安全警備を担当している.該当個体はNOVAコアの護送任務で大きな役割を果たした.追記,彼らの料金は他の民間請負業者よりも合理的である.(これは広告ではない)","戦闘行動によるストレスに一定の耐性があり,命令を完遂できる.",良,遂行能力が高い.味方と協力して効率的に戦闘任務を完遂できる.,良,"総合体力テスト中,各指標がすべて合格ラインに達している.",良,"各種戦闘装備に精通し,完璧に環境要因を利用して戦闘シミュレーションを完遂できる.",優,180;1,True,True,True,Dorm_60070_Hair,Dorm_60070_Face,Dorm_Girl_m1_white_Body
151,6008,60080,60080,60080,6008001,11001,クラウソラス,Clausolas,ゼミラ,???,,???,2,17才,1/9,4,A,159cm,70/62/88,85kg,1,4,14,6,新人を鍛える,"画画,打游戏",???,"該当個体は豊富な戦闘経験を持ち,戦闘技術に熟練している.ブレードの新人教官としての評価も非常に高く,各数値は極めて高水準に達している.また,戦闘能力のみならず,精神状態も常に安定している.","極めて過酷な作戦条件下で,リスクの低い案で作戦を完遂を目指す行動が確認されている.",良,優れた指揮能力を持つ.戦場の状況に応じて合理的な配置ができる.,優,"総合体力テスト中,優秀な成績を収めた.",優,"各種戦闘装備に精通し,完璧に環境要因を利用して戦闘シミュレーションを完遂できる.",優,180;1,True,True,True,Dorm_60080_Hair,Dorm_60080_Face,Dorm_Girl_m1_white_Body
152,6009,60090,60090,60090,6009001,15006,カーテナ,Curtana,フレン・エドワード,曹藝萱,植田千尋,???,2,17才,1/15,30,B,161cm,70/62/88,85kg,2,5,14,6,新しい服,"画画,打游戏",???,"該当個体の戦闘能力はバランスが取れており,極めて高い遂行能力を持つ.指示に従い,確実に作戦命令を遂行できるが,性格はやや天然であり,複雑な状況では思考が停止することが確認されている.命令を下す際には,常に注意を払い,明確な指示を与えることが推奨される.","極めて過酷な作戦条件下で,判断能力を失う状況が確認されている.",中,遂行能力が高い.味方と協力して効率的に戦闘任務を完遂できる.,良,"総合体力テスト中,各指標がすべて合格ラインに達している.",良,"各種戦闘装備に精通し,完璧に環境要因を利用して戦闘シミュレーションを完遂できる.",優,180;1,True,True,True,Dorm_60090_Hair,Dorm_60090_Face,Dorm_Girl_m1_white_Body
153,6010,60100,60100,60100,6010001,12001,ハーピー,Harpe,リサ・S・イェーガ,???,???,???,2,17才,2/5,1,AB,158cm,70/62/88,85kg,3,6,1,6,???,"画画,打游戏",???,???,???,優,???,優,???,優,???,優,180;1,False,True,False,Dorm_60100_Hair,Dorm_60100_Face,Dorm_Girl_m1_white_Body
154,6011,60110,60110,60110,6011001,15003,ブルトガング,Burtgang,タラ・イェル,杏林兒,本田乃愛,???,2,17才,9/10,4,AB,165cm,70/62/88,85kg,1,1,14,6,物語,"画画,打游戏",???,"該当個体は熟練の戦士であり,極めて高い指揮能力も持つ.前線において他の隊員を素早く且つ的確に運用し,連携を取ることができる.これを実現するためには,各隊員の能力と装備を把握し,戦況を観察して臨機応変に対応する高度な戦場指揮官が必要とされる.現在は前線指揮官の役職に就いていないが,この方向での発展が推奨される.","極めて過酷な作戦条件下で,リスクの低い案で作戦を完遂を目指す行動が確認されている.",中,"優れた指揮能力を持つが,他の隊員に合わせること好む.",良,"総合体力テスト中,各指標がすべて合格ラインに達している.",良,"各種戦闘装備に精通し,完璧に環境要因を利用して戦闘シミュレーションを完遂できる.",優,180;1,True,True,True,Dorm_60110_Hair,Dorm_60110_Face,Dorm_Girl_m1_white_Body
155,6012,60120,60120,60120,6012001,12001,フルンティング,Hrunting,ユーナ・T・ファーレ,???,???,???,2,17才,2/5,1,AB,158cm,70/62/88,85kg,2,1,1,6,???,"画画,打游戏",???,???,???,優,???,優,???,優,???,優,180;1,False,True,False,Dorm_60120_Hair,Dorm_60120_Face,Dorm_Girl_m1_white_Body
156,6013,60130,60130,60130,6013001,12001,グングニル,Gungnir,ブレン・フェテライア,???,???,???,2,17才,2/5,1,AB,158cm,70/62/88,85kg,3,3,1,6,???,"画画,打游戏",???,???,???,優,???,優,???,優,???,優,180;1,False,True,False,Dorm_60130_Hair,Dorm_60130_Face,Dorm_Girl_m1_white_Body
157,6014,60140,60140,60140,6014001,22001,ゲイボルグ,Geiboruga,ハナ・エル・マクトゥーブ,???,髙野麻美,???,2,17才,6/2,25,O,163cm,70/62/88,85kg,1,4,15,6,博物館,"画画,打游戏",???,"該当個体の各能力は一流の水準に達しており,特に精神耐性はエリート隊員と同等である.該当個体の戦闘技術は通常の基準では測り難いが,その戦闘能力は疑いようがない.突撃戦,攻城戦,殲滅戦のいずれにおいても,一般隊員を遥かに超える戦果を挙げることができる.","ストレスに高い耐性があり,任務を完遂できる.",優,遂行能力が高い.味方と協力して効率的に戦闘任務を完遂できる.,良,"総合体力テスト中,各指標がすべて合格ラインに達している.",良,"極めて特殊な戦闘技術を持ち,現時点のテストで評価するのは難しい.",中,180;1,True,True,True,Dorm_60140_Hair,Dorm_60140_Face,Dorm_Girl_m1_white_Body
158,6015,60150,60150,60150,6015001,15006,ティルフィング,Tyrfing,ヘルフィヨトゥル・オルソン,???,米本早希,???,2,17才,7/12,47,B,167cm,70/62/88,85kg,2,5,14,6,コーヒーと勝利,"画画,打游戏",???,"該当個体は戦術的嗅覚に優れ,複雑な戦場環境下で迅速に状況を把握する能力に長ける.重点目標への精密打撃により戦場の主導権を確保し,戦局を有利に導く.戦略狙撃兵としての卓越した能力に加え,緊急時には指揮官として部隊を統率する適性を有することが確認されている.","揺るぎない意志で戦闘のプレッシャーに対抗でき,戦局維持の際は特に目ぼしい所がある.",優,遂行能力が高い.味方と協力して効率的に戦闘任務を完遂できる.,良,"豊富な実戦経験により,極めて頑丈な身体素質を有している.",優,実用的で洗練された戦闘能力を有している.,優,180;1,True,True,True,Dorm_60150_Hair,Dorm_60150_Face,Dorm_Girl_m1_white_Body
159,6016,60160,60160,60160,6016001,11003,アイムール,Aymur,シルヴィア,???,須能千裕,???,2,17才,7/12,47,O,164cm,70/62/88,85kg,3,6,14,6,寛大な人,"画画,打游戏",???,"本個体は著しい記憶欠損を有し,入隊前の戦術教育及び正規軍事訓練を欠如している.しかしながら,自称","戦闘行動によるストレスに一定の耐性があり,命令を完遂できる.",良,"極めて高い対応力により,味方と協力して戦闘任務を完遂できる.",良,"長期的な放浪生活により,強い身体能力を有している.",優,"実用的だが,技量は皆無.",中,180;1,True,True,True,Dorm_60160_Hair,Dorm_60160_Face,Dorm_Girl_m1_white_Body
160,6017,60170,60170,60170,6017001,12001,ティルフィング,,ゾイ・パヴリチェンコ,???,???,???,2,17才,2/5,1,AB,158cm,70/62/88,85kg,1,1,1,6,???,"画画,打游戏",???,???,???,優,???,優,???,優,???,優,180;1,False,True,False,Dorm_60170_Hair,Dorm_60170_Face,Dorm_Girl_m1_white_Body
161,6018,60180,60180,60180,6018001,12001,キャクジャ,,グー・カイレン,???,???,???,2,17才,2/5,1,AB,158cm,70/62/88,85kg,2,1,1,6,???,"画画,打游戏",???,???,???,優,???,優,???,優,???,優,180;1,False,True,False,Dorm_60180_Hair,Dorm_60180_Face,Dorm_Girl_m1_white_Body
162,6019,60190,60190,60190,6019001,30003,フラガラッハ,Fragarach,リサ・S・イェーガ,???,中川華緒,???,2,17才,10/20,4,A,157cm,70/62/88,85kg,3,3,14,6,勲章,"画画,打游戏",???,"該当個体の各数値は極めて高い水準にあり,豊富な戦闘経験により,戦場で様々な状況に冷静に対応できる.U・E・D・Fの作戦資料によると,予想を遥かに超える危険度の大型クリーチャーを何度も撃破している.戦果を挙げることが該当個体の動力源であり,その戦果に執着する理由は不明だが,現時点では強い名誉欲によるものと見なされている.","戦闘行動によるストレスに一定の耐性があり,命令を完遂できる.",良,遂行能力が高い.味方と協力して効率的に戦闘任務を完遂できる.,良,"総合体力テスト中,優秀な成績を収めた.",優,"制式装備を使用し,戦闘シミュレーションを完遂できる.",良,180;1,True,True,True,Dorm_60190_Hair,Dorm_60190_Face,Dorm_Girl_s1_white_Body
163,6020,60200,60200,60200,6020001,12001,アスカロン,Ascalon,ジャクリーン・マチルダ,???,???,???,2,17才,2/5,1,AB,158cm,70/62/88,85kg,1,4,1,6,???,"画画,打游戏",???,???,???,優,???,優,???,優,???,優,180;1,False,True,False,Dorm_60200_Hair,Dorm_60200_Face,Dorm_Girl_m1_white_Body
164,6021,60210,60210,60210,6021001,29003,リュウゲン,Longxian,リョレ,???,野椛ゆうか,???,2,17才,2/5,11,A,178cm,70/62/88,85kg,2,5,14,6,かわいいぬいぐるみ,"画画,打游戏",???,"総合報告の結果,当該個体は極めて高い戦闘能力を有し,一部の数値は最大値に達していることが確認された.また,心理状態も非常に安定しており,作戦遂行において高い信頼性を示している.戦闘様式としては,遠距離における精密射撃能力と近接白兵戦能力の両方を兼ね備え,戦場の既存条件を最大限に活用して任務を完遂することが可能である.唯一の留意点として,単独行動を好む傾向が見られるため,この点については適切な指導と計画的運用が求められる.","ストレスに高い耐性があり,任務を完遂できる.",優,"極めて高い戦闘能力を持ち,状況に応じた作戦修正も可能.部隊内における主要な火力要員として運用価値が高い.",優,"総合体力テスト中,各指標で優秀な成績を収めた.",優,"得意な武装を使用し,戦闘シミュレーションを完遂できる.",優,180;1,True,True,True,Dorm_60210_Hair,Dorm_60210_Face,Dorm_Girl_m1_white_Body
165,6028,60280,60280,60280,6028001,12001,クラレント,Clarent,モルガナ・バターフィールド,???,城崎琳子,???,2,17才,2/5,48,A,168cm,70/62/88,85kg,2,5,14,6,自分磨き,"画画,打游戏",???,"該当個体は高い総合的戦闘能力を有しており,特に対人戦に長けている.チームワークを維持すること,人員の調達や派遣に関する知識も有しており,戦場の指揮も行える.指揮官としてだけでなく,前線で戦線維持することや,後方支援なども行えるため,貴重なオールラウンダーでもある.","戦闘行動によるストレスに高い耐性があり,戦闘に勝利できる.",優,優れた指揮能力を持つ.戦場の状況に応じて配置ができる.,優,"総合体力テスト中,優秀な成績を収めた.",優,"各種戦闘装備に精通し,完璧に環境要因を利用して戦闘シミュレーションを完遂できる.",優,180;1,True,True,True,Dorm_60280_Hair,Dorm_60280_Face,Dorm_Girl_m1_white_Body
166,6030,60300,60300,60300;60301,6030001,15003,モラルタ,Moralltach,モルガナ・バターフィールド,???,貫井柚佳,???,2,17才,8/22,8,AB,153cm,70/62/88,85kg,1,4,14,6,童話,"画画,打游戏",???,"該当個体は近接戦闘を得意としており,身体能力と戦闘経験の不足から武装の威力を完全に発揮できていないが,頑強な戦闘意志と柔軟な戦術思考による大きな成長性は,教官チームおよび各分隊長の間でも認められている.今後の戦闘でより重要な役割を果たすことが期待できる.","戦闘行動によるストレスに一定の耐性があり,命令を完遂できる.",良,遂行能力が高い.味方と協力して効率的に戦闘任務を完遂できる.,良,"総合体力テスト中,個別の指標で問題あり.作戦行動に動力ユニットの使用が推奨されている.",中,"制式装備を使用し,戦闘シミュレーションを完遂できる.",良,180;1,True,True,True,Dorm_60300_Hair,Dorm_60300_Face,Dorm_Girl_s1_white_Body
167,6031,60310,60310,60310,6031001,15004,ティソーナ,Tizona,アスティ・イスマイル,???,さいとうよしえ,???,2,17才,12/26,53,B,171cm,70/62/88,85kg,1,4,6,6,日記を書くこと,"画画,打游戏",???,"当該個体は,各種命令を忠実に遂行し,高い効率で任務を完了させる能力を有している.隊員との積極的な意思疎通を図る姿勢は見られるものの,表現が不得手なため,結果として隊員間に誤解を生じさせる場合がある.そのため,当該個体を任務に投入する際は,円滑な対話と協調に長けた隊員を同行させることを推奨する.","戦闘行動によるストレスに一定の耐性があり,命令を完遂できる.",良,"遂行能力が高いが,他の隊員とのコミュニケーションに難あり.",良,"戦闘データ分析により,該当個体の総合的身体素質は優秀である.",優,"制式装備を使用し,戦闘シミュレーションを完遂できる.",良,180;1,True,True,True,Dorm_60310_Hair,Dorm_60310_Face,Dorm_Girl_s1_white_Body
168,6032,60320,60320,60320;60321,6032001,11002,ヘグニ,Dainslef,ハンナ・ヴェルナー,???,田畑寧々,???,2,17才,5/21,23,AB,166cm,70/62/88,85kg,1,4,6,6,斬新な体験,"画画,打游戏",???,"該当個体はあらゆる種類の命令を忠実に実行し,効率的に任務を完了することができる.しかし,戦況が複雑で,隊員の自主的な思考に依存する状況では,該当個体は前回受信した命令を繰り返し実行し,それにより自身を危険な状況に陥れることがある.そのため,該当個体を任務に派遣する際は,指揮が得意または臨機応変に対応できる隊員を配置することを推奨する.","戦闘行動による極めて高いストレスに耐性があり,命令を完遂できる.",優,"優秀な執行力があり,協同作戦よりも命令に従う方が力が発揮しやすい.",優,"戦闘データ分析により,該当個体の総合的身体素質は優秀である.",優,"熟練に制式装備を使用し,特に人型の敵の対処に長けている.",優,180;1,True,True,True,Dorm_60320_Hair,Dorm_60320_Face,Dorm_Girl_s1_white_Body
169,6035,60350,60350,60350,6035001,15005,イジェン・滅刃,Ijen.SP,イジェン・滅刃,???,小柳日菜,???,2,17才,7/13,19,無,158cm,70/62/88,85kg,1,4,6,6,魔法少女,"画画,打游戏",???,"該当個体はあらゆる命令を忠実に実行し,効率的に任務を完了するが,外部要因の影響を受けやすく,興奮状態に陥りやすい.この状態は任務の効率を上げるが,他のチームメンバーに混乱をもたらす可能性もある.そのため,該当個体を任務に派遣する際は,情緒状態を注意深く観察し,予期せぬ事態を避けることを推奨する.","戦闘行動によるストレスに一定の耐性があり,命令を完遂できる.",良,"通常下での協同作戦能力が優秀だが,感情の影響を受けやすい.",良,"戦闘データ分析により,該当機体の戦闘能力は極めて高い.",優,"特殊な装備で戦闘を行い,優秀な成績で戦闘シミュレーションを完遂できる.",優,180;1,True,True,True,Dorm_60350_Hair,Dorm_60350_Face,Dorm_Girl_s1_white_Body
170,7001,70010,70010,70010,7001001,23002,ゼウス,Zeus,ゼウス,綠綺,氷青,???,2,17才,7/5,15,砕星χ型,165cm,70/62/88,85kg,3,6,5,7,チェス,"画画,打游戏",???,"該当個体の強さは改めて記載するまでもないが,注意すべき点として,該当個体は我々の協力者に過ぎず,探索隊の任務に一定程度しか協力しない.相当な危険性があるため,該当個体に命令することは避けるべきである.","戦闘行動によるストレスに高い耐性があり,戦闘に勝利できる.",優,優れた指揮能力を持つ.戦場の状況に応じて配置ができる.,優,"戦闘データ分析により,該当個体の総合的身体素質は極めて高い.",優,"各種戦闘装備に精通し,十分に環境要因を利用して戦闘シミュレーションを完遂できる.",優,180;1,True,True,True,Dorm_70010_Hair,Dorm_70010_Face,Dorm_Girl_b1_white_Body
171,7002,70020,70020,70020,7002001,13001,ゼウス[変異],Zeus[variation],ジュピター,綠綺,伊藤静,???,2,17才,2/5,2,AB,158cm,70/62/88,85kg,1,1,1,7,???,"画画,打游戏",???,???,???,優,???,優,???,優,???,優,180;1,False,True,False,Dorm_70020_Hair,Dorm_70020_Face,Dorm_Girl_m1_white_Body
172,7003,70030,70030,70030,7003001,2001,ポセイドン,Poseidon,ポセイドン,???,風間万裕子,???,2,17才,6/8,14,砕星χ型,167cm,70/62/88,85kg,2,1,5,7,"炭酸飲料,猫","画画,打游戏",???,"該当個体の総合能力は極めて高く,特に環境条件がその戦闘スタイルに適した場合,比類なき実力を発揮する.注意すべき点として,該当個体は戦闘中に我々を支援することができるが,単独での戦闘を好むため,彼女の助力を求める際は,状況を見極めた上で適切な場面を選ぶことが推奨される.","戦闘行動によるストレスに高い耐性があり,戦闘に勝利できる.",優,"優れた戦術的才能を持つが,単独行動を好む.",良,"戦闘データ分析により,該当個体の総合的身体素質は極めて高い.",優,個人所有の装備に精通している.,良,180;1,True,True,True,Dorm_70030_Hair,Dorm_70030_Face,Dorm_Girl_b1_white_Body
173,7004,70040,70040,70040,7004001,13001,ポセイドン[変異],Poseidon[variation],ネプチューン,???,???,???,2,17才,2/5,2,AB,158cm,70/62/88,85kg,3,3,1,7,???,"画画,打游戏",???,???,???,優,???,優,???,優,???,優,180;1,False,True,False,Dorm_70040_Hair,Dorm_70040_Face,Dorm_Girl_m1_white_Body
174,7005,70050,70050,70050;70051,7005001,11004,ハデス,Hades,ハデス,???,東ゆの,???,2,17才,8/22,31,砕星π型,161cm,70/62/88,85kg,1,4,5,7,注目されること,"画画,打游戏",???,"該当個体の総合能力は非常に高く,実力には疑いようがない.ただし,注意すべき点として,該当個体は命令されることを拒否し","困難な状況に対し,転移や第二プランを優先することが確認されている.",良,"優れた戦術的才能を持つが,単独行動を好む.",良,"戦闘データ分析により,該当個体の総合的身体素質は極めて高い.",優,"各種戦闘装備に精通し,十分に環境要因を利用して戦闘シミュレーションを完遂できる.",優,180;1,True,True,True,Dorm_70050_Hair,Dorm_70050_Face,Dorm_Girl_s1_white_Body
175,7006,70060,70060,70060,7006001,13001,プルート,Hades[variation],プルート,???,???,???,2,17才,2/5,2,AB,158cm,70/62/88,85kg,2,5,1,7,???,"画画,打游戏",???,???,???,優,???,優,???,優,???,優,180;1,False,True,False,Dorm_70060_Hair,Dorm_70060_Face,Dorm_Girl_m1_white_Body
176,7007,70070,70070,70070,7007001,26005,アテナ,Athena,アテナ,???,富士原晴乃,???,2,17才,6/6,16,砕星β型,164cm,70/62/88,85kg,3,6,5,7,地球文化,"画画,打游戏",過度に運命を追求すること,"該当個体の戦闘能力は比較的バランスが取れており,仲間との連携もスムーズである.初期は戦闘を避けていたが,重要な局面では強い戦闘意志を示し,的確な判断を下すことができる.また,相当な戦術指揮能力も備えている.","戦闘行動によるストレスに高い耐性があり,戦闘に勝利できる.",優,優れた指揮能力を持つ.戦場の状況に応じて配置ができる.,優,"戦闘データ分析により,該当個体の総合的身体素質は優秀である.",良,個人所有の装備に精通している.,良,180;1,True,True,True,Dorm_70070_Hair,Dorm_70070_Face,Dorm_Girl_m1_white_Body
177,7008,70080,70080,70080,7008001,13001,ミネルヴァ,,ミネルヴァ,???,???,???,2,17才,2/5,14,AB,158cm,70/62/88,85kg,1,1,5,7,???,"画画,打游戏",???,???,???,優,???,優,???,優,???,優,180;1,False,True,False,Dorm_70080_Hair,Dorm_70080_Face,Dorm_Girl_m1_white_Body
178,7009,70090,70090,70090,7009001,26004,アレス,Ares,ミネルヴァ,???,出口さくら,???,2,17才,11/26,14,砕星α型,158cm,70/62/88,85kg,2,1,5,7,魂がぶつかる激戦,"画画,打游戏",???,"該当個体の戦闘能力は非常に優れており,戦局を一変させる爆発的な戦力を持つ.ただし,その性格は非常に傲慢であり,他人の指示に従うことはほとんどない.砕星やNERIの協力者に対しても態度を変えず,戦闘中に制御不能な要素となる可能性がある.","戦闘行動によるストレスに高い耐性があり,戦闘に勝利できる.",優,優れた指揮能力を持つ.戦場の状況に応じて配置ができる.,優,"戦闘データ分析により,該当個体の総合的身体素質は極めて高い.",優,個人所有の装備に精通している.,良,180;1,True,True,True,Dorm_70090_Hair,Dorm_70090_Face,Dorm_Girl_m1_white_Body
179,7010,70100,70100,70100,7010001,13001,アレス[変異],Ares[variation],マルス,???,???,???,2,17才,2/5,2,AB,158cm,70/62/88,85kg,3,3,1,7,???,"画画,打游戏",???,???,???,優,???,優,???,優,???,優,180;1,False,True,False,Dorm_70100_Hair,Dorm_70100_Face,Dorm_Girl_m1_white_Body
180,7011,70110,70110,70110,7011001,4003,ヘルメス,Hermes,ヘルメス,???,ルゥティン,???,2,17才,5/8,16,砕星β型,153cm,70/62/88,85kg,1,4,5,7,噂話,"画画,打游戏",???,"該当個体の各能力はバランスが取れているが,戦闘型の砕星人の中では特に突出した存在ではない.特筆すべき点として,優れた機動力と臨機応変な思考能力を持ち,各戦場で迅速な支援を提供できる.ただし,自由な性格で指示から逸脱することが多いため,長期戦では常に該当個体の動向に注意する必要がある.","困難な状況に対し,転移や第二プランを優先することが確認されている.",良,協力意識が高い.味方と協力して効率的に戦闘任務を完遂できる.,良,"戦闘データ分析により,該当個体の身体素質は部分的に問題あり.",中,個人所有の装備に精通している.,良,180;1,True,True,True,Dorm_70110_Hair,Dorm_70110_Face,Dorm_Girl_s1_white_Body
181,7012,70120,70120,70120,7012001,13001,ヘルメス[変異],Hermes[variation],メルクリウス,???,???,???,2,17才,2/5,2,AB,158cm,70/62/88,85kg,2,5,1,7,???,"画画,打游戏",???,???,???,優,???,優,???,優,???,優,180;1,False,True,False,Dorm_70120_Hair,Dorm_70120_Face,Dorm_Girl_m1_white_Body
182,7013,70130,70130,70130,7013001,26005,ヘラ,Hera,ヘラ,???,積田陽乃香,???,2,17才,1/5,17,砕星π型,162cm,70/62/88,85kg,3,6,5,7,???,"画画,打游戏",???,"該当個体の指揮能力は極めて高く,集団回復や堅実なシールドで仲間に全面的なサポートを提供できる.さらに独自のカリスマ性があり,チーム構築の際は戦術中核として起用することが推奨される.ただし,該当個体には人間関係の面で難があり,連携が難しい状況を避けるため,隊員を選ぶ際には注意が必要.","戦闘行動によるストレスに高い耐性があり,戦闘に勝利できる.",優,優れた指揮能力を持つ.戦場の状況に応じて配置ができる.,優,"戦闘データ分析により,該当個体の総合的身体素質は優秀である.",良,個人所有の装備に精通している.,良,180;1,True,True,True,Dorm_70130_Hair,Dorm_70130_Face,Dorm_Girl_m1_white_Body
183,7014,70140,70140,70140,7014001,13001,ヘラ[変異],Hera[variation],ジュノ,???,???,???,2,17才,2/5,2,AB,158cm,70/62/88,85kg,1,1,1,7,???,"画画,打游戏",???,???,???,優,???,優,???,優,???,優,180;1,False,True,False,Dorm_70140_Hair,Dorm_70140_Face,Dorm_Girl_m1_white_Body
184,7015,70150,70150,70150,7015001,1001,ヘスティア,,ヘスティア,???,???,???,2,17才,2/5,2,AB,158cm,70/62/88,85kg,2,1,1,7,???,"画画,打游戏",???,???,???,優,???,優,???,優,???,優,180;1,False,True,False,Dorm_70150_Hair,Dorm_70150_Face,Dorm_Girl_m1_white_Body
185,7016,70160,70160,70160,7016001,1001,ウェスタ,,ウェスタ,???,???,???,2,17才,2/5,2,AB,158cm,70/62/88,85kg,3,3,1,7,???,"画画,打游戏",???,???,???,優,???,優,???,優,???,優,180;1,False,True,False,Dorm_70160_Hair,Dorm_70160_Face,Dorm_Girl_m1_white_Body
186,7017,70170,70170,70170,7017001,1001,ディオニソス,,ディオニソス,???,???,???,2,17才,2/5,2,AB,158cm,70/62/88,85kg,1,4,1,7,???,"画画,打游戏",???,???,???,優,???,優,???,優,???,優,180;1,False,True,False,Dorm_70170_Hair,Dorm_70170_Face,Dorm_Girl_m1_white_Body
187,7018,70180,70180,70180,7018001,1001,ゴルゴン,,ゴルゴン,???,???,???,2,17才,2/5,2,AB,158cm,70/62/88,85kg,2,5,1,7,???,"画画,打游戏",???,???,???,優,???,優,???,優,???,優,180;1,False,True,False,Dorm_70180_Hair,Dorm_70180_Face,Dorm_Girl_m1_white_Body
188,7019,70190,70190,70190,7019001,1001,バックス,,バックス,???,???,???,2,17才,2/5,2,AB,158cm,70/62/88,85kg,3,6,1,7,???,"画画,打游戏",???,???,???,優,???,優,???,優,???,優,180;1,False,True,False,Dorm_70190_Hair,Dorm_70190_Face,Dorm_Girl_m1_white_Body
189,7020,70200,70200,70200,7020001,1001,アポロ,,アポロ,???,???,???,2,17才,2/5,2,AB,158cm,70/62/88,85kg,1,1,1,7,???,"画画,打游戏",???,???,???,優,???,優,???,優,???,優,180;1,False,True,False,Dorm_70200_Hair,Dorm_70200_Face,Dorm_Girl_m1_white_Body
190,7021,70210,70210,70210,7021001,1001,アルテミス,,アルテミス,???,???,???,2,17才,2/5,2,AB,158cm,70/62/88,85kg,2,1,1,7,???,"画画,打游戏",???,???,???,優,???,優,???,優,???,優,180;1,False,True,False,Dorm_70210_Hair,Dorm_70210_Face,Dorm_Girl_m1_white_Body
191,7022,70220,70220,70220,7022001,26001,ロキ,Loki,ロキ,???,橘立夏,???,2,17才,6/9,36,砕星χ型,167cm,70/62/88,85kg,3,3,18,7,???,"画画,打游戏",???,"該当個体は優れた戦士でありながら,高度な研究者でもある.戦闘能力と研究技術は共に高水準である.性格は外向的で友好的であり,探索隊のメンバーとも親しい.注意すべき点として,該当個体の言動が無遠慮であり,戦闘においてずる賢い行動を好むため,作戦遂行の際には一定の制限を設けることが推奨される.","困難な状況に対し,転移や第二プランを優先することが確認されている.",良,協力意識が高い.味方と協力(または利用)して効率的に戦闘任務を完遂できる.,良,"戦闘データ分析により,該当個体の総合的身体素質は優秀である.",良,"各種戦闘装備に精通し,十分に環境要因を利用して戦闘シミュレーションを完遂できる.",優,180;1,True,True,True,Dorm_70220_Hair,Dorm_70220_Face,Dorm_Girl_s1_white_Body
192,7023,70230,70230,70230,7023001,1001,ヘイムダル,Heimdall,ヘイムダル,???,???,???,2,17才,2/5,26,AB,158cm,70/62/88,85kg,1,4,18,7,???,"画画,打游戏",???,???,???,優,???,優,???,優,???,優,180;1,False,True,False,Dorm_70230_Hair,Dorm_70230_Face,Dorm_Girl_m1_white_Body
193,7024,70240,70240,70240,7024001,12002,スカジ,Skadi,スカジ,???,さとうちえ,???,2,17才,9/13,32,砕星β型,169cm,70/62/88,85kg,2,5,18,7,???,"画画,打游戏",???,"該当個体は優れた研究者である.極めて高い技術力と設計能力を持ち,さらに高水準の戦闘能力も備えている.砕星の中でも数少ない,真面目で責任感の強い協力者の一人であり,我々のテクノロジー開発に多大な貢献をもたらし,ニヴルヘイム試験場の技術サポートも行っている.","戦闘行動によるストレスに一定の耐性があり,命令を完遂できる.",良,優れた指揮能力を持つ.戦場の状況に応じて配置ができる.,優,"該当個体の身体素質に難があるため,作戦行動に外骨格やその他補助装備を使用する必要あり.",劣,"各種戦闘装備に精通し,十分に環境要因を利用して戦闘シミュレーションを完遂できる.",優,180;1,True,True,True,Dorm_70240_Hair,Dorm_70240_Face,Dorm_Girl_m1_white_Body
194,7025,70250,70250,70250,7025001,1001,スカジ[変異],,スカジ(黒化),???,さとうちえ,???,2,17才,2/5,32,AB,158cm,70/62/88,85kg,3,6,18,7,???,"画画,打游戏",???,???,???,優,???,優,???,優,???,優,180;1,False,True,False,Dorm_70250_Hair,Dorm_70250_Face,Dorm_Girl_m1_white_Body
195,7026,70260,70260,70260,7026001,1001,トール,Thor,トール,???,粂ゆうな,???,2,17才,5/10,33,砕星χ型,166cm,70/62/88,85kg,1,1,18,7,のんびり過ごす,"画画,打游戏",???,"該当個体は驚異的な戦闘能力を持っているが,性格に由来する問題により,すべての能力評価が一段階下がる.戦闘や指揮においてやる気を見せることは少ないが,極めて危険な状況下では,戦闘を早く終わらせて休むために少しだけ真剣になることが確認されている.","困難な状況下で,時折実力を発揮するところが確認されている.",良,"優れた戦術指揮能力を持つが,考えるのが面倒で,効率の高い小手先の手段を好む.",良,"戦闘データ分析により,該当個体の総合的身体素質は極めて高い.",優,"各種戦闘装備に精通しているが,本人にやる気が見受けられない.",良,180;1,True,True,True,Dorm_70260_Hair,Dorm_70260_Face,Dorm_Girl_m1_white_Body
196,7027,70270,70270,70270,7027001,1001,トール[変異],,トール(黒化),???,井口裕香,???,2,17才,2/5,33,AB,158cm,70/62/88,85kg,2,1,18,7,???,"画画,打游戏",???,???,???,優,???,優,???,優,???,優,180;1,False,True,False,Dorm_70270_Hair,Dorm_70270_Face,Dorm_Girl_m1_white_Body
197,7028,70280,70280,70280,7028001,26002,ゴンドゥル,Gondul,ゴンドゥル,???,加賀谷優,???,2,17才,2/14,26,砕星α型,163cm,70/62/88,85kg,3,3,18,7,何かすること,"画画,打游戏",???,"該当個体は強力な戦闘能力を持つヴァルキューレ(アースガルズ護衛隊)であり,ブリュンヒルデの側にいることが多い.双方の協力関係を考慮すると,ノースプレートのヴァルキューレはブリュンヒルデの指揮下で作戦を行うのが適切である.","戦闘行動によるストレスに一定の耐性があり,命令を完遂できる.",良,協力意識が高い.味方と協力して効率的に戦闘任務を完遂できる.,良,"戦闘データ分析により,該当個体の総合的身体素質は極めて高い.",優,個人所有の装備に精通している.,良,180;1,True,True,True,Dorm_70280_Hair,Dorm_70280_Face,Dorm_Girl_m1_white_Body
198,7029,70290,70290,70290,7029001,15003,ブリュンヒルデ,Brynhild,ブリュンヒルデ,九玦,高木友梨香,???,2,17才,3/31,34,砕星α型,171cm,70/62/88,85kg,1,4,18,7,地球の書籍,"画画,打游戏",???,"該当個体は強力なヴァルキューレであり,突出した戦闘力,優れた戦術指揮能力,極めて高い遂行能力を兼ね備えている.注意すべき点として,該当個体の使命はノースプレートの防衛であり,我々の作戦行動へのサポートは軽度に留まる.","戦闘行動によるストレスに高い耐性があり,戦闘に勝利できる.",優,優れた指揮能力を持つ.戦場の状況に応じて配置ができる.,優,"戦闘データ分析により,該当個体の総合的身体素質は極めて高い.",優,"各種戦闘装備に精通し,十分に環境要因を利用して戦闘シミュレーションを完遂できる.",優,180;1,True,True,True,Dorm_70290_Hair,Dorm_70290_Face,Dorm_Girl_m1_white_Body
199,7030,70300,70300,70300,7030001,1001,ブリュンヒルデ[変異],Brynhild[Variation],ブリュンヒルデ(黒化),九玦,高木友梨香,???,2,17才,2/5,34,AB,158cm,70/62/88,85kg,2,5,18,7,???,"画画,打游戏",???,???,???,優,???,優,???,優,???,優,180;1,False,True,False,Dorm_70300_Hair,Dorm_70300_Face,Dorm_Girl_m1_white_Body
200,7031,70310,70310,70310,7031001,11001,アトゥム,Atum,アトゥム,???,井澤美香子,???,2,17才,12/5,55,無,171cm,70/62/88,85kg,2,1,22,7,明日,"画画,打游戏",???,"当該個体の戦闘能力は,砕星協力者の中においても,中の上レベルである.再構成体としての特殊な体質を考慮すると,潜在能力がまだ完全に発揮されていない可能性があり,今後はさらに高いパフォーマンスが期待される.さらに,当該個体は豊富な戦闘技術の知識と戦術指揮の経験を持っているが,特殊な理由により,未だに十分に活用できていない.特別訓練を施すことで,ある程度の改善が見込めるであろう.性格面では,当該個体は明るく熱心であり,良好な関係を築きやすいと思われる.できるだけ長期的な協力関係を検討する価値がある.","ストレスに高い耐性があり,任務を完遂できるが,途中で短い停滞する状況が見られる,原因は不明.",優,"遂行能力が高い.他の隊員と協力して効率的に任務を完遂することができるが,戦術指揮の面ではやや劣る.",良,"戦闘データを分析した結果,該当個体の身体能力に不安定な部分があり,注意が必要.",良,"各種戦闘装備に精通し,戦闘シミュレーションを完遂できる.ただし,所要時間が長く,戦闘に関する技量に改善の余地がある.",良,180;1,True,True,True,,,
201,7033,70330,70330,70330,7033001,27001,アヌビス,Anubis,アヌビス,???,佐藤日向,???,2,17才,6/8,46,砕星χ型,172cm,70/62/88,85kg,2,5,22,7,クリーチャー作り,"画画,打游戏",スケジュールが狂わされること,"該当個体の実力は極めて高く,戦闘力のみならず指揮能力も高い.注意すべき点として,該当個体はネクロプレートの事実上の統治者であること.プレート全体を管理する必要があるため,臨時隊員として起用する場合でも,一定以上の協力を行うことができない.","ストレスに高い耐性があり,任務を完遂できる.",優,"優れた指揮能力を持つ.戦場の状況に応じて合理的な配置ができ,作戦行動の中核として起用することに適している.",優,"個別の指標を除き,すべての指標において満点に近しい.総合的な身体素質は極めて高い.",優,"各種戦闘装備に精通し,環境を利用した戦術を行使して戦闘シミュレーションを完遂できる.",優,180;1,True,True,True,Dorm_70330_Hair,Dorm_70330_Face,Dorm_Girl_m1_white_Body
202,7034,70340,70340,70340,7034001,26003,ホルス,Horus,ホルス,???,,???,2,17才,7/16,51,砕星β型,164cm,70/62/88,85kg,2,5,22,7,隼神のぬいぐるみ,"画画,打游戏",???,"該当個体の戦闘能力は中の上に位置する.単純な攻撃能力よりも,仲間を回復させることやシールドを付与するなどのサポート面で光るものがある.起用する際はサポート,後方支援としての役割が推奨される.加えて慣れ親しんだ環境下では,該当個体はかなりの指揮能力を発揮できるため,状況次第では指揮任務を一時的に委任することも選択肢として検討できる.","慣れた戦場においては,極めて困難な状況下でも任務を遂行できる.ただし,未知の環境下では意志がやや脆くなる傾向があり,特段の注意を要する.",良,"慣れた戦場においては優れた指揮能力を発揮するが,未知の環境では緊張しやすく,不安定な面が見られる.状況に応じた指示の徹底が必要.",良,"戦闘データを分析した結果,該当個体は極めて高い戦闘能力を有し,さらに特定の項目のおいては無類の成績を収めた.",優,"各種戦闘装備に精通し,一部の状況下では戦場の環境を利用して作戦を遂行する.",良,180;1,True,True,True,Dorm_70340_Hair,Dorm_70340_Face,Dorm_Girl_m1_white_Body
203,7035,70350,70350,70350,7035001,26004,ヌト,Nut,ホルス,???,吉村美紅帆,???,2,17才,6/30,2,砕星β型,152cm,70/62/88,85kg,2,5,22,7,NOVA結晶,"画画,打游戏",冷凍カプセル,"該当個体は卓越した総合身体能力を有し,特筆すべき戦闘技術を保有するが,現時点で正確な能力上限を測定不能.交戦記録において","困難な状況に対し,リスクの低い予備案を優先することが確認されている.",中,"該当個体に独自の戦術や戦略思考を持つ.チーム行動よりも,単独行動を好む.",劣,"総合体力テスト中,各指標がすべて合格ラインに達している.",良,"制式装備を使用し,戦闘シミュレーションを完遂できるが,装備の損害率に注意.",優,180;1,True,True,True,Dorm_70350_Hair,Dorm_70350_Face,Dorm_Girl_m1_white_Body
204,7036,70360,70360,70360,7036001,15004,ラー,Ra,ラー,???,真田アサミ,???,2,17才,1/1,52,砕星α型,169cm,70/62/88,85kg,2,5,22,7,華麗な物事,"画画,打游戏",???,"該当個体の戦闘能力は極めて高いが,現時点においてその正確な上限を測定することは困難である.交戦記録によれば,","ストレスに高い耐性があり,任務を遂行する能力や強い戦闘意志を有する.",優,"戦術指揮において一定の適性を示すが,単独行動を好む傾向が強い.個別任務を前提とした指示を行うことが推奨される.",良,"戦闘データを分析した結果,該当個体の身体能力は極めて高い.",優,"個人所有の装備のみならず,各種戦闘装備にも精通しており,単独での戦闘能力は極めて高い.",良,180;1,True,True,True,Dorm_70360_Hair,Dorm_70360_Face,Dorm_Girl_m1_white_Body
205,7040,70400,70400,70400,7040001,22001,ラディアータ,Lycoris Radiata,ラディアータ,???,柚木尚子,???,2,17才,12/26,50,砕星β型,163cm,70/62/88,85kg,2,5,23,7,研究,"画画,打游戏",???,"該当個体の実力は比較的バランスが取れており,一定の戦術指揮能力と補助能力を持っているが,戦闘力は明らかに短所である.該当個体を戦闘任務に参加させるよりも,研究方面の業務を該当個体に処理させることを推奨する.該当個体が前哨基地に駐留している期間中,基地に研究および作戦面での補助を提供できる.ただし,出撃前には,医療担当者が該当個体の意識が鮮明であるかどうかを確認する必要がある.","戦闘行動による多大なストレスに強い耐性があり,任務を完遂できる.時間はかかる場合が多いが,戦闘意志はかなりのものである.",優,"一定の戦術指揮能力を有し,相対的に高い補助能力もある.戦場の状況に応じて戦略の調整を行えるため,該当個体をチームの中心よりも補助的な起用を推奨する.",良,"戦闘データ分析により,該当機体の身体素質は全体的に高いバランスを保っている.",良,"自身の所有装備を使用し,中強度の戦闘を行える.地球の制式装備を使用する場合,著しい戦闘能力の低下が確認されている.",良,180;1,True,True,False,Dorm_70400_Hair,Dorm_70400_Face,Dorm_Girl_m1_white_Body
206,7041,70410,70410,70410,7041001,29001,レイジング,Buzzing Blade,レイジング,???,烏田麻衣,???,2,17才,12/6,50,砕星π型,172cm,70/62/88,85kg,2,5,23,7,サクサクで美味しい物,"画画,打游戏",???,"該当個体は極めて高い戦闘能力を有し,戦闘技術も卓越しているが,専用装備への一定の依存傾向が確認されるため,資料及びファイルへの注記を要す.また,集団戦闘よりも単独行動を得意とし,一定の難度を有する単独任務への投入が推奨される.","ストレスに高い耐性があり,任務を完遂できる.",優,"チームの指揮や調整役よりも,該当個体は単独での戦闘に適しているため,単独任務を割り当てることが推奨される.",優,"総合的なデータ分析により,該当個体の身体能力は極めて高い.",優,"固有の装備を使用した際の戦闘能力は極めて高いが,他種類の装備を使用する際のパフォーマンスが不安定である.しかし与えられた装備になれる時間を与えれば,かなりの練度で戦闘シミュレーションを完遂できる.",優,180;1,True,True,True,Dorm_70410_Hair,Dorm_70410_Face,Dorm_Girl_m1_white_Body
207,7042,70420,70420,70420,7042001,29002,スメルト,Smelt,スメルト,???,中野さいま,???,2,17才,4/9,50,砕星χ型,155cm,70/62/88,85kg,2,5,23,7,鍛造,"画画,打游戏",???,"当該個体は,極めて優れた身体能力を有するものの,職務上の特性から,鍛錬用ハンマーを振るい自ら前線で戦闘に臨むよりも,支援要員として継続的に戦力を供給する役割に適している.危機的状況への対応力に難があるため,指揮能力に長けた隊員との連携行動を推奨する.","ストレスに一定の耐性があり,緊急事態に遭遇した際に慌てることがある.",中,遂行能力が高い.他の隊員と協力して効率的に任務を完遂することができる.,良,"総合的なデータ分析により,該当個体の身体能力は極めて高い.",優,"各種戦闘装備に精通し,戦闘を遂行できるが,戦闘素質に関しては一般的.一線級の激しい戦場への投入を推奨しない.",良,180;1,True,True,True,Dorm_70420_Hair,Dorm_70420_Face,Dorm_Girl_m1_white_Body
208,7043,70430,70430,70430,7043001,1001,ラー,Ra,ラー,???,上田麗奈,???,2,17才,2/5,34,AB,158cm,70/62/88,85kg,2,5,18,7,???,"画画,打游戏",???,???,???,優,???,優,???,優,???,優,180;1,True,True,False,Dorm_70430_Hair,Dorm_70430_Face,Dorm_Girl_m1_white_Body
209,7044,70440,70440,70440,7044001,4002,サンライズ,Sunrise,サンライズ,???,大石陽菜,???,2,17才,1/26,50,砕星β型,180cm,70/62/88,85kg,2,5,23,7,新しい物事,"画画,打游戏",???,"該当個体は極めて高い戦闘能力と指揮能力を備えている.ただし注意すべき点として,該当個体は","ストレスに一定の耐性があり,最終的に任務を完遂できる強い心理素質を有する.",良,"優れた指揮能力を有し,部隊編成や戦場状況に応じて柔軟に作戦を修正できる.中核人員として部隊構築を行うのに適任.",優,"総合的なデータ分析により,該当個体の総合能力は極めて高く,さらには成長余地が残されている.",優,"各種戦闘装備に精通し,戦闘シミュレーションを完遂できる.ただし,未知の戦場環境においては,状況把握に一定の適応時間を要する.",優,180;1,True,True,True,Dorm_70440_Hair,Dorm_70440_Face,Dorm_Girl_m1_white_Body
210,7045,70450,70450,70450,7045001,23002,ミッドナイト,Midnight,ミッドナイト,???,川村海乃,???,2,17才,2/26,50,砕星α型,178cm,70/62/88,85kg,2,5,23,7,事務作業,"画画,打游戏",???,"該当個体は極めて高い戦闘能力と指揮能力を備えている.戦場における実戦対応に加え,文官としての資質にも優れており,各種業務を短時間で振り分け,優先度に応じて迅速に処理する能力を有している.前哨基地に滞在する期間中は,戦闘面・事務面の両面において有効な支援が期待できる.","ストレスに高い耐性があり,任務を完遂する能力や強い戦闘意志を有する.",優,"高い戦術指揮能力を備え,戦況に応じた戦略調整や人員配備を的確に遂行可能.部隊の中核要員としての運用が推奨される.",優,"戦闘データを総合的に分析した結果,該当個体の身体能力は極めて高い.",優,"個人所有の装備に精通しているが,制式装備を使用する場合に戦力の低下が見受けられる.",良,180;1,True,True,True,Dorm_70450_Hair,Dorm_70450_Face,Dorm_Girl_m1_white_Body
211,7101,71010,71010,71010,7101001,1001,総隊長,,総隊長,巽辰,金子誠,???,1,17才,???,41,???,???,70/62/88,85kg,1,6,20,8,???,"画画,打游戏",???,???,???,???,???,???,???,???,???,???,180;1,True,True,False,Dorm_71010_Hair,Dorm_71010_Face,Dorm_Boy_Body
212,7102,71020,71020,71020,7102001,1001,総隊長,,総隊長,杏林兒,橘立夏,???,2,17才,???,41,???,???,70/62/88,85kg,3,1,20,8,???,"画画,打游戏",???,???,???,???,???,???,???,???,???,???,180;1,True,True,False,Dorm_71020_Hair,Dorm_71020_Face,Dorm_Girl_m1_white_Body
213,7501,75010,75010,75010,7501001,15002,ウォッカ・ミラー,Vodka.Mirror,ウォッカ・ミラー,???,大月玲奈,???,2,17才,???,54,???,???,70/62/88,85kg,2,5,6,9,各種競技,"画画,打游戏",???,"当該個体は,各種戦闘能力および戦術分析能力に優れ,自信に満ちた性格から非常に高いストレス耐性を有している.一方で,その自信が過剰となり,任務中に様々な予期せぬ事態を招く傾向がある.しかし,これらの事態は任務遂行に支障を与えることは少なく,場合によっては任務の効率向上に寄与することもある.この特性をいかに有効活用するかが,今後の重要な検討課題となる.","大多数な状況下で冷静を保つことができるが,競争心が判断を影響することがある.",良,"優秀な遂行能力があり,戦場の状況を洞察し,戦術の配置や指揮などの任務を遂行できる.",優,"総合体力テスト中,優秀な成績を収めた.",優,"個人所有の装備に精通し,且つ戦場の環境を十分に活用して作戦を遂行できる.",優,180;1,True,True,False,Dorm_75010_Hair,Dorm_75010_Face,Dorm_Girl_m1_white_Body
214,7502,75020,75020,75020,7502001,30003,バルベーラ・レッド,Barbera.Red,バルベーラ・レッド,???,折原くるみ,???,2,17才,???,54,???,???,70/62/88,85kg,2,5,6,9,鍛錬,"画画,打游戏",???,"当該個体は優れたチーム意識を有し,戦闘能力も極めて高い.特定の状況下では単独戦闘能力が飛躍的に向上する一方,制御不能や指揮系統からの離脱といったリスクを伴う.このため,精神状態の継続的な観察と,必要に応じた心理的サポートの提供が推奨される.","戦闘行動によるストレスに一定の耐性があり,特定の状況下で制御不能な状態になるリスクがある.",良,"優れた協調戦闘能力を持つが,特定の状況下で指揮体制から離脱するリスクがある.",良,"総合体力テスト中,優秀な成績を収めた.",優,"個人所有の装備に精通し,且つ戦場の環境を十分に活用して作戦を遂行できる.",優,180;1,True,True,False,Dorm_75020_Hair,Dorm_75020_Face,Dorm_Girl_m1_white_Body
215,7801,78010,78010,78010,7801001,24002,ロベラ,Lobera,アルマ・ラヴレス,???,山本亜衣,???,2,17才,12/26,8,AB,167cm,70/62/88,85kg,1,4,6,10,チェス,"画画,打游戏",???,"総合評価レポートの結果の通りに,該当個体には極めて高い戦闘能力を有し,いくつかの個別項目では満点の評価を得ている.加えて精神状態の面においても安定しており,シミュレーションテストでのパフォーマンスは完璧に近しいと言える.作戦構築の面において,該当個体には鋭い戦略眼を有し,緻密な作戦プランを瞬時に構築できる凄まじい能力がある.以上の能力を有する以外に,該当個体は常識を超える高水準の戦闘力を示している極めて稀な人材である.留意点として,当該個体は直接戦闘への参加頻度が低く,むしろ自ら前線に立つよりも,戦略立案および隊員への指揮・監督を通じて各任務をプランどおり遂行させることを選好する傾向がある.","戦闘行動による多大なストレスに強い耐性があり,最短期間で任務を完遂できる.極めて強いメンタルを有する.",優,"極めて高い戦闘能力を有する.戦場の環境に応じて作戦を立てることができ,チームの中核として起用できる.",優,"総合体力テスト中,各指標で優秀な成績を収めた.",優,"得意な武装を使用し,戦闘シミュレーションを完遂できる.",優,180;1,True,True,False,Dorm_78010_Hair,Dorm_78010_Face,Dorm_Girl_s1_white_Body
216,8501,85010,85010,85010,8501001,1001,リオティント,,リオティント,???,???,???,2,17才,2/5,2,AB,158cm,70/62/88,85kg,2,1,1,8,???,"画画,打游戏",???,???,???,優,???,優,???,優,???,優,180;1,False,True,False,,,
217,9908,99080,99080,99080,9908001,1001,カディア,,カディア,???,,???,2,17才,2/5,2,AB,158cm,70/62/88,85kg,3,3,1,8,???,"画画,打游戏",???,???,???,優,???,優,???,優,???,優,180;1,False,False,False,,,
218,8004,80040,80040,80040,8004001,1001,リッパー,Ripper,リッパー,???,???,???,1,17才,2/5,2,AB,158cm,70/62/88,85kg,1,4,1,8,???,"画画,打游戏",???,???,???,優,???,優,???,優,???,優,180;1,False,False,False,,,
219,8006,80060,80060,80060,8006001,1001,ウォーロック,Warlock,ウォーロック,???,???,???,1,17才,2/5,2,AB,158cm,70/62/88,85kg,2,5,1,8,???,"画画,打游戏",???,???,???,優,???,優,???,優,???,優,180;1,False,False,False,,,
220,8010,80100,80100,80100,8010001,1001,アウトオリジン,Pioneers,ダモクレス,???,???,???,1,17才,2/5,2,AB,158cm,70/62/88,85kg,1,1,1,7,???,"画画,打游戏",???,???,???,優,???,優,???,優,???,優,180;1,False,False,False,,,
221,8011,80110,80110,80110,8011001,1001,シュヴァルツ,Schwarzritter ,シュヴァルツ,???,???,???,1,17才,2/5,2,AB,158cm,70/62/88,85kg,3,6,1,8,???,"画画,打游戏",???,???,???,優,???,優,???,優,???,優,180;1,False,False,False,,,
222,8013,80130,80130,80130,8013001,1001,レギオン,Aegypius,レギオン,???,???,???,1,17才,2/5,2,AB,158cm,70/62/88,85kg,1,1,1,8,???,"画画,打游戏",???,???,???,優,???,優,???,優,???,優,180;1,False,False,False,,,
223,8014,80140,80140,80140,8014001,1001,ケラウノス,Aegypius,ケラウノス,???,???,???,1,17才,2/5,2,AB,158cm,70/62/88,85kg,1,1,1,8,???,"画画,打游戏",???,???,???,優,???,優,???,優,???,優,180;1,False,False,False,,,
224,8015,80150,80150,80150,8015001,1001,アエギピウス,Aegypius,アエギピウス,???,???,???,1,17才,2/5,2,AB,158cm,70/62/88,85kg,1,1,1,8,???,"画画,打游戏",???,???,???,優,???,優,???,優,???,優,180;1,False,False,False,,,
225,8016,80160,80160,80160,8016001,1001,ストレプトペリア,Streptopelia,ストレプトペリア,???,???,???,1,17才,2/5,2,AB,158cm,70/62/88,85kg,2,1,1,8,???,"画画,打游戏",???,???,???,優,???,優,???,優,???,優,180;1,False,False,False,,,
226,8019,80190,80190,80190,8019001,1001,オウカ,OKA,オウカ,???,???,???,1,17才,2/5,2,AB,158cm,70/62/88,85kg,3,3,1,8,???,"画画,打游戏",???,???,???,優,???,優,???,優,???,優,180;1,False,False,False,,,
227,8021,80210,80210,80210,8021001,1001,ニーズヘッグ,Nidhogg,ニーズヘッグ,???,???,???,1,17才,2/5,2,AB,158cm,70/62/88,85kg,1,4,1,8,???,"画画,打游戏",???,???,???,優,???,優,???,優,???,優,180;1,False,False,False,,,
228,8022,80220,80220,80220,8022001,1001,アメミット,Nidhogg,アメミット,???,???,???,1,17才,2/5,2,AB,158cm,70/62/88,85kg,1,4,1,8,???,"画画,打游戏",???,???,???,優,???,優,???,優,???,優,180;1,False,False,False,,,
229,8023,80230,80230,80230,8023001,1001,ケプリ,Nidhogg,ケプリ,???,???,???,1,17才,2/5,2,AB,158cm,70/62/88,85kg,1,4,1,8,???,"画画,打游戏",???,???,???,優,???,優,???,優,???,優,180;1,False,False,False,,,
230,8025,80250,80250,80250,8025001,1001,ネビュラ,Nebula,ネビュラ,???,???,???,1,17才,2/5,2,AB,158cm,70/62/88,85kg,2,5,1,8,???,"画画,打游戏",???,???,???,優,???,優,???,優,???,優,180;1,False,False,False,,,
231,8027,80270,80270,80270,8027001,1001,コルディエラ,Nebula,コルディエラ,???,???,???,1,17才,2/5,2,AB,158cm,70/62/88,85kg,2,5,1,8,???,"画画,打游戏",???,???,???,優,???,優,???,優,???,優,180;1,False,False,False,,,
232,8028,80280,80280,80280,8028001,1001,ダークマター,Nebula,ダークマター,???,???,???,1,17才,2/5,2,AB,158cm,70/62/88,85kg,2,5,1,8,???,"画画,打游戏",???,???,???,優,???,優,???,優,???,優,180;1,False,False,False,,,
233,8034,80340,80340,80340,8034001,1001,エグザイラー,Nebula,エグザイル,???,???,???,1,17才,2/5,2,AB,158cm,70/62/88,85kg,2,5,1,8,???,"画画,打游戏",???,???,???,優,???,優,???,優,???,優,180;1,False,False,False,,,
234,8035,80350,80350,80350,8035001,1001,アービター,Nebula,アービター,???,???,???,1,17才,2/5,2,AB,158cm,70/62/88,85kg,2,5,1,8,???,"画画,打游戏",???,???,???,優,???,優,???,優,???,優,180;1,False,False,False,,,
235,8036,80360,80360,80360,8036001,1001,コラーダ,Nebula,コラーダ,???,???,???,1,17才,2/5,2,AB,158cm,70/62/88,85kg,2,5,1,4,???,"画画,打游戏",???,???,???,優,???,優,???,優,???,優,180;1,False,False,False,,,
236,8037,80370,80370,80370,8037001,1001,ブレードスチーム,Nebula,ブレードスチーム,???,???,???,1,17才,2/5,2,AB,158cm,70/62/88,85kg,2,5,1,4,???,"画画,打游戏",???,???,???,優,???,優,???,優,???,優,180;1,False,False,False,,,
237,9025,90250,90250,90250,9025001,1001,アービター,Nebula,アービター,???,???,???,2,17才,2/5,2,AB,158cm,70/62/88,85kg,2,5,1,8,???,"画画,打游戏",???,???,???,優,???,優,???,優,???,優,180;1,False,False,False,,,
238,9025,90251,90251,90251,9025101,1001,アービター,Nebula,アービター,???,???,???,2,17才,2/5,2,AB,158cm,70/62/88,85kg,2,5,1,8,???,"画画,打游戏",???,???,???,優,???,優,???,優,???,優,180;1,False,False,False,,,
245,9025,90252,90252,90252,9025201,1001,メガネウラ,Nebula,メガネウラ,???,???,???,2,17才,2/5,2,AB,158cm,70/62/88,85kg,2,5,1,7,???,"画画,打游戏",???,???,???,優,???,優,???,優,???,優,180;1,False,False,False,,,
